-- import user_account
insert into user_account (created_at, first_name, last_name, user_email, user_password) values ('2023-02-12', 'Shelba', 'Heugle', 'sheugle0@free.fr', 'pX9@rO*P#\2<Iv$');
insert into user_account (created_at, first_name, last_name, user_email, user_password) values ('2023-06-15', 'Aubree', 'Petrovykh', 'apetrovykh1@domainmarket.com', 'xX0&bM8F4Y$');
insert into user_account (created_at, first_name, last_name, user_email, user_password) values ('2023-01-15', 'Torey', 'Faircley', 'tfaircley2@mlb.com', 'vZ0''''$LES>RLc.WQ');
insert into user_account (created_at, first_name, last_name, user_email, user_password) values ('2023-07-28', 'Sterne', 'Stouther', 'sstouther3@spiegel.de', 'lA1%_lc}!l~');
insert into user_account (created_at, first_name, last_name, user_email, user_password) values ('2023-06-16', 'Hilton', 'McCaughey', 'hmccaughey4@flickr.com', 'dV2=#O\K');
insert into user_account (created_at, first_name, last_name, user_email, user_password) values ('2023-10-09', 'Beltran', 'Cowpertwait', 'bcowpertwait5@huffingtonpost.com', 'tU3~F,<.Bj');
insert into user_account (created_at, first_name, last_name, user_email, user_password) values ('2023-03-07', 'Dore', 'Abdey', 'dabdey6@cam.ac.uk', 'xS2~P\{GW%');
insert into user_account (created_at, first_name, last_name, user_email, user_password) values ('2023-10-25', 'Andonis', 'Tesauro', 'atesauro7@sohu.com', 'dD8"|\63|0WfdaT');
insert into user_account (created_at, first_name, last_name, user_email, user_password) values ('2023-08-21', 'Britt', 'Stiant', 'bstiant8@wp.com', 'jC3.YZ8K');
insert into user_account (created_at, first_name, last_name, user_email, user_password) values ('2023-01-02', 'Enrique', 'Berry', 'eberry9@sphinn.com', 'nP6*vO|Y)1xkG_>');
insert into user_account (created_at, first_name, last_name, user_email, user_password) values ('2023-03-24', 'Josee', 'Ewin', 'jewina@flickr.com', 'vG6AtXspz&%Hw>');
insert into user_account (created_at, first_name, last_name, user_email, user_password) values ('2022-12-11', 'Aleta', 'Kinnie', 'akinnieb@mlb.com', 'xG1/Jl2_4{Jox%U#');
insert into user_account (created_at, first_name, last_name, user_email, user_password) values ('2023-07-03', 'Andriana', 'Waddilove', 'awaddilovec@skype.com', 'eC5`lIoJ%?6%<z');
insert into user_account (created_at, first_name, last_name, user_email, user_password) values ('2023-03-22', 'Vernor', 'Lippi', 'vlippid@harvard.edu', 'lZ4"h@cPn3ru1');
insert into user_account (created_at, first_name, last_name, user_email, user_password) values ('2023-03-02', 'Simonette', 'Huck', 'shucke@imdb.com', 'oS1#aV<{2)fY40');
insert into user_account (created_at, first_name, last_name, user_email, user_password) values ('2023-10-06', 'Demetri', 'Aumerle', 'daumerlef@bbc.co.uk', 'oT2,@c`U3w9MFk');
insert into user_account (created_at, first_name, last_name, user_email, user_password) values ('2023-06-10', 'Peyter', 'Marusik', 'pmarusikg@simplemachines.org', 'rI8)_XXE%e>@Bp');
insert into user_account (created_at, first_name, last_name, user_email, user_password) values ('2023-02-20', 'Maddalena', 'Wolfendell', 'mwolfendellh@opera.com', 'nW8@+`t/+53B');
insert into user_account (created_at, first_name, last_name, user_email, user_password) values ('2023-03-28', 'Crin', 'Burfoot', 'cburfooti@cloudflare.com', 'dK9''XNPb@52SQ"d');
insert into user_account (created_at, first_name, last_name, user_email, user_password) values ('2023-03-22', 'Ignace', 'Keohane', 'ikeohanej@github.io', 'cO6~#bB~YV');
insert into user_account (created_at, first_name, last_name, user_email, user_password) values ('2023-06-24', 'Katleen', 'Flay', 'kflayk@java.com', 'pA6/''@?y{cA');
insert into user_account (created_at, first_name, last_name, user_email, user_password) values ('2023-06-10', 'Franciskus', 'Gonsalo', 'fgonsalol@pbs.org', 'oP7{/7Oa');
insert into user_account (created_at, first_name, last_name, user_email, user_password) values ('2022-12-18', 'Delbert', 'Fellgate', 'dfellgatem@mlb.com', 'bU8''?ck3Py{R');
insert into user_account (created_at, first_name, last_name, user_email, user_password) values ('2022-12-24', 'Donielle', 'Astles', 'dastlesn@xrea.com', 'jQ4"~Ue%rcV,');
insert into user_account (created_at, first_name, last_name, user_email, user_password) values ('2022-12-19', 'Kameko', 'Emmanuel', 'kemmanuelo@jalbum.net', 'zJ5?J<cx8');
insert into user_account (created_at, first_name, last_name, user_email, user_password) values ('2023-03-04', 'Yetty', 'Key', 'ykeyp@china.com.cn', 'tU4+?AFJ"j,<u');
insert into user_account (created_at, first_name, last_name, user_email, user_password) values ('2023-08-07', 'Crysta', 'Chevolleau', 'cchevolleauq@ning.com', 'hJ9/pUO~eHg');
insert into user_account (created_at, first_name, last_name, user_email, user_password) values ('2023-07-08', 'Garner', 'Costelloe', 'gcostelloer@webnode.com', 'yS8!t@al');
insert into user_account (created_at, first_name, last_name, user_email, user_password) values ('2023-09-08', 'Demetris', 'de Broke', 'ddebrokes@feedburner.com', 'sB3~P~jw~7A@KxtN');
insert into user_account (created_at, first_name, last_name, user_email, user_password) values ('2023-05-11', 'Enoch', 'Simla', 'esimlat@g.co', 'xY8@?$@U=5(P8#3H');
insert into user_account (created_at, first_name, last_name, user_email, user_password) values ('2022-11-03', 'Reagen', 'Shade', 'rshadeu@go.com', 'pO6~*<vO');
insert into user_account (created_at, first_name, last_name, user_email, user_password) values ('2023-02-23', 'Reinwald', 'MacCauley', 'rmaccauleyv@epa.gov', 'qM9.&_B8%m|2Jz');
insert into user_account (created_at, first_name, last_name, user_email, user_password) values ('2023-10-26', 'Anne-marie', 'Dudgeon', 'adudgeonw@hostgator.com', 'rO8!8n!`K<%<');
insert into user_account (created_at, first_name, last_name, user_email, user_password) values ('2023-06-16', 'Noelyn', 'Malling', 'nmallingx@qq.com', 'xV1=,Wi%4');
insert into user_account (created_at, first_name, last_name, user_email, user_password) values ('2022-12-28', 'Brier', 'Elks', 'belksy@parallels.com', 'fO1"aAr.~XGX');
insert into user_account (created_at, first_name, last_name, user_email, user_password) values ('2023-07-10', 'Winfred', 'Weld', 'wweldz@topsy.com', 'wD3/a=?mRgmfQI');
insert into user_account (created_at, first_name, last_name, user_email, user_password) values ('2022-11-25', 'Mariya', 'Preddle', 'mpreddle10@reference.com', 'pD1?>(Yb(');
insert into user_account (created_at, first_name, last_name, user_email, user_password) values ('2022-12-09', 'Mitchael', 'Morphet', 'mmorphet11@prweb.com', 'qE7`2&\"M5$6');
insert into user_account (created_at, first_name, last_name, user_email, user_password) values ('2022-11-14', 'Evin', 'Brombell', 'ebrombell12@elegantthemes.com', 'wF3+(xB=ON#>!<1');
insert into user_account (created_at, first_name, last_name, user_email, user_password) values ('2023-09-01', 'Sandye', 'Farron', 'sfarron13@jiathis.com', 'pU4{QqUeFaRE<,x');
insert into user_account (created_at, first_name, last_name, user_email, user_password) values ('2022-10-31', 'Roz', 'Pawle', 'rpawle14@domainmarket.com', 'uS9!N(jVj9fUif');
insert into user_account (created_at, first_name, last_name, user_email, user_password) values ('2023-10-26', 'Bobette', 'Yakhin', 'byakhin15@vistaprint.com', 'qM8=+g~D8N!');
insert into user_account (created_at, first_name, last_name, user_email, user_password) values ('2023-05-21', 'Merv', 'Sorsby', 'msorsby16@mozilla.com', 'zT1\a%nqJP3!70');
insert into user_account (created_at, first_name, last_name, user_email, user_password) values ('2023-10-02', 'Ky', 'Vynall', 'kvynall17@rakuten.co.jp', 'vH1(<s%BgS=');
insert into user_account (created_at, first_name, last_name, user_email, user_password) values ('2023-08-23', 'Ram', 'Pharo', 'rpharo18@weibo.com', 'rF6}z9@jtI,');
insert into user_account (created_at, first_name, last_name, user_email, user_password) values ('2023-09-09', 'Adah', 'Wardley', 'awardley19@baidu.com', 'xP2~0`nJr');
insert into user_account (created_at, first_name, last_name, user_email, user_password) values ('2022-11-24', 'Barris', 'Mcmanaman', 'bmcmanaman1a@mozilla.org', 'vR6=jJ7=j&SUB');
insert into user_account (created_at, first_name, last_name, user_email, user_password) values ('2023-08-20', 'Vilhelmina', 'Albertson', 'valbertson1b@list-manage.com', 'gR5<W"J6_w');
insert into user_account (created_at, first_name, last_name, user_email, user_password) values ('2023-08-13', 'Janeen', 'Sydall', 'jsydall1c@accuweather.com', 'bT4_rA4a');
insert into user_account (created_at, first_name, last_name, user_email, user_password) values ('2022-11-01', 'Henri', 'Curuclis', 'hcuruclis1d@patch.com', 'mK7%gPHG');
insert into user_account (created_at, first_name, last_name, user_email, user_password) values ('2023-01-11', 'Liuka', 'Rainer', 'lrainer1e@networksolutions.com', 'bD3+CTi3');
insert into user_account (created_at, first_name, last_name, user_email, user_password) values ('2023-09-09', 'Guthrey', 'Bogaert', 'gbogaert1f@prnewswire.com', 'dX6<&!C4Qb*D*');
insert into user_account (created_at, first_name, last_name, user_email, user_password) values ('2023-08-11', 'Natalie', 'Eadmead', 'neadmead1g@usatoday.com', 'qU6+pqNnl"');
insert into user_account (created_at, first_name, last_name, user_email, user_password) values ('2022-11-27', 'Meredith', 'Orange', 'morange1h@paginegialle.it', 'rE2#AGADiqsZdBH');
insert into user_account (created_at, first_name, last_name, user_email, user_password) values ('2023-02-01', 'Ray', 'Posen', 'rposen1i@sourceforge.net', 'oO7|wS\1VmO');
insert into user_account (created_at, first_name, last_name, user_email, user_password) values ('2023-06-17', 'Vasili', 'Falconer-Taylor', 'vfalconertaylor1j@unblog.fr', 'nR0.=r.Hs2&*"');
insert into user_account (created_at, first_name, last_name, user_email, user_password) values ('2023-10-04', 'Devora', 'Dunge', 'ddunge1k@so-net.ne.jp', 'jJ5)</>3#D2');
insert into user_account (created_at, first_name, last_name, user_email, user_password) values ('2023-01-17', 'Myriam', 'Colleford', 'mcolleford1l@alibaba.com', 'vX7.b?"&%');
insert into user_account (created_at, first_name, last_name, user_email, user_password) values ('2023-10-18', 'Wilhelmina', 'Villalta', 'wvillalta1m@toplist.cz', 'rQ7/=''rE/xj.$');
insert into user_account (created_at, first_name, last_name, user_email, user_password) values ('2023-10-12', 'Cameron', 'Quinton', 'cquinton1n@moonfruit.com', 'lM4@vWfX)Y');
insert into user_account (created_at, first_name, last_name, user_email, user_password) values ('2023-08-16', 'Hilly', 'Starr', 'hstarr1o@behance.net', 'kV2@K}''d_UB1WV');
insert into user_account (created_at, first_name, last_name, user_email, user_password) values ('2023-09-05', 'Torrin', 'Setch', 'tsetch1p@apple.com', 'hW9.M0lH|H3F');
insert into user_account (created_at, first_name, last_name, user_email, user_password) values ('2023-01-27', 'Bernelle', 'O''Driscoll', 'bodriscoll1q@behance.net', 'eH8~P(yP');
insert into user_account (created_at, first_name, last_name, user_email, user_password) values ('2023-05-18', 'Giorgia', 'Farrimond', 'gfarrimond1r@google.nl', 'cO3\.?!dEJ');
insert into user_account (created_at, first_name, last_name, user_email, user_password) values ('2023-10-28', 'Neall', 'Quadling', 'nquadling1s@princeton.edu', 'cK5\k@*kj*vsX/A');
insert into user_account (created_at, first_name, last_name, user_email, user_password) values ('2023-06-26', 'Gusty', 'Billin', 'gbillin1t@people.com.cn', 'hG2|MaAERKzwm!1');
insert into user_account (created_at, first_name, last_name, user_email, user_password) values ('2023-01-20', 'Eliza', 'Cattrall', 'ecattrall1u@springer.com', 'mL8!)ByeKvn=a');
insert into user_account (created_at, first_name, last_name, user_email, user_password) values ('2023-05-10', 'Carlina', 'Dennidge', 'cdennidge1v@timesonline.co.uk', 'hK9,R}gQxi');
insert into user_account (created_at, first_name, last_name, user_email, user_password) values ('2023-01-01', 'Domini', 'Menicomb', 'dmenicomb1w@google.cn', 'fZ6?0,{!##j6F)U*');
insert into user_account (created_at, first_name, last_name, user_email, user_password) values ('2023-02-27', 'Leoine', 'Anwyl', 'lanwyl1x@com.com', 'aM5#8&"\LIL');
insert into user_account (created_at, first_name, last_name, user_email, user_password) values ('2023-08-07', 'Deloris', 'Revett', 'drevett1y@weebly.com', 'oS4&8%2@');
insert into user_account (created_at, first_name, last_name, user_email, user_password) values ('2023-04-07', 'Torrin', 'Kirkup', 'tkirkup1z@nhs.uk', 'aL1}$w~)z+=7L2uQ');
insert into user_account (created_at, first_name, last_name, user_email, user_password) values ('2023-10-24', 'Ambrosio', 'Webb', 'awebb20@163.com', 'gF5\j}gP"Ljm?');
insert into user_account (created_at, first_name, last_name, user_email, user_password) values ('2023-04-17', 'Belva', 'Giaomozzo', 'bgiaomozzo21@amazon.com', 'zJ1?rbrU.,>E$+');
insert into user_account (created_at, first_name, last_name, user_email, user_password) values ('2022-11-18', 'Odo', 'Coggan', 'ocoggan22@gmpg.org', 'eN0&q,nYPla`S9w');
insert into user_account (created_at, first_name, last_name, user_email, user_password) values ('2023-01-01', 'Dody', 'Le Fleming', 'dlefleming23@jimdo.com', 'zQ7"/r9l{*00w(');
insert into user_account (created_at, first_name, last_name, user_email, user_password) values ('2023-08-04', 'Hana', 'Howel', 'hhowel24@hexun.com', 'aR0''iV7D~uGV|1c+');
insert into user_account (created_at, first_name, last_name, user_email, user_password) values ('2023-08-29', 'Rodrick', 'Gorden', 'rgorden25@deviantart.com', 'hZ0~m6DO');
insert into user_account (created_at, first_name, last_name, user_email, user_password) values ('2023-10-01', 'Tymon', 'Sebley', 'tsebley26@taobao.com', 'qA3<i!2n#6/+`$Ij');
insert into user_account (created_at, first_name, last_name, user_email, user_password) values ('2023-02-11', 'Carlene', 'Serjeantson', 'cserjeantson27@samsung.com', 'cB4>d&*~{<');
insert into user_account (created_at, first_name, last_name, user_email, user_password) values ('2023-02-13', 'Selma', 'Smalles', 'ssmalles28@feedburner.com', 'rU1,D!6AU>n<');
insert into user_account (created_at, first_name, last_name, user_email, user_password) values ('2023-02-20', 'Viola', 'Cholmondeley', 'vcholmondeley29@1und1.de', 'aA2@c?E"4*G1G');
insert into user_account (created_at, first_name, last_name, user_email, user_password) values ('2023-02-25', 'Jacqueline', 'Jantel', 'jjantel2a@prweb.com', 'tW0(wypyGT+yI*3n');
insert into user_account (created_at, first_name, last_name, user_email, user_password) values ('2022-11-05', 'Cesaro', 'Oxborough', 'coxborough2b@spotify.com', 'cJ9>DTXBPd*{q');
insert into user_account (created_at, first_name, last_name, user_email, user_password) values ('2023-04-14', 'Mohandas', 'Itzchaky', 'mitzchaky2c@eepurl.com', 'xR7"jw)I$EF?HNCP');
insert into user_account (created_at, first_name, last_name, user_email, user_password) values ('2022-11-11', 'Urbano', 'Checo', 'ucheco2d@1und1.de', 'aZ9&b5?v$ae\\');
insert into user_account (created_at, first_name, last_name, user_email, user_password) values ('2023-09-09', 'Leandra', 'Daid', 'ldaid2e@time.com', 'aP3`p(&Z!');
insert into user_account (created_at, first_name, last_name, user_email, user_password) values ('2023-02-11', 'Kingsley', 'Kernoghan', 'kkernoghan2f@privacy.gov.au', 'pR1''E''o7eI\}a?d<');
insert into user_account (created_at, first_name, last_name, user_email, user_password) values ('2023-08-18', 'Paco', 'Toppes', 'ptoppes2g@gizmodo.com', 'nH4%NT2Zc)"');
insert into user_account (created_at, first_name, last_name, user_email, user_password) values ('2023-01-06', 'Shayna', 'O'' Bee', 'sobee2h@google.com.hk', 'rA5`E?VF');
insert into user_account (created_at, first_name, last_name, user_email, user_password) values ('2023-10-12', 'Barbra', 'Jacklin', 'bjacklin2i@ocn.ne.jp', 'aC9|4OWPJ4Zi');
insert into user_account (created_at, first_name, last_name, user_email, user_password) values ('2023-04-21', 'Carver', 'Grimsdyke', 'cgrimsdyke2j@timesonline.co.uk', 'bU1<wQ.yxV');
insert into user_account (created_at, first_name, last_name, user_email, user_password) values ('2023-06-11', 'Terri-jo', 'Jollye', 'tjollye2k@wikia.com', 'sK3}R9t)''DEyV_#');
insert into user_account (created_at, first_name, last_name, user_email, user_password) values ('2023-03-03', 'Oswald', 'Boyer', 'oboyer2l@storify.com', 'hD8,$@?6NYJQd');
insert into user_account (created_at, first_name, last_name, user_email, user_password) values ('2022-12-03', 'Wendie', 'McKeurtan', 'wmckeurtan2m@house.gov', 'uI5(/llo"bGqi');
insert into user_account (created_at, first_name, last_name, user_email, user_password) values ('2023-10-13', 'Lind', 'Balf', 'lbalf2n@dmoz.org', 'zS8<TYl&3BC`');
insert into user_account (created_at, first_name, last_name, user_email, user_password) values ('2023-01-31', 'Aubert', 'Rockcliffe', 'arockcliffe2o@hexun.com', 'eC2`fa~}w5.S@K');
insert into user_account (created_at, first_name, last_name, user_email, user_password) values ('2023-05-31', 'Belia', 'Iacoviello', 'biacoviello2p@archive.org', 'tU9''VXx*"3pj|X');
insert into user_account (created_at, first_name, last_name, user_email, user_password) values ('2022-11-26', 'Arlen', 'Tabbernor', 'atabbernor2q@businessweek.com', 'aI7=R#v0,)aO&P');
insert into user_account (created_at, first_name, last_name, user_email, user_password) values ('2022-11-06', 'Licha', 'Englefield', 'lenglefield2r@163.com', 'gW1#=*,FQ5p2{n');


-- import meal_kit --
insert into meal_kit (m_price, m_stock, m_category, m_content, m_name, created_at, modified_at) values (5000, 1, 'Fire Protection', 'Western patch-nosed snake', 'Karl Stefan Memorial Airport', '2022-12-20', '2023-04-08');
insert into meal_kit (m_price, m_stock, m_category, m_content, m_name, created_at, modified_at) values (5000, 2, 'Ornamental Railings', 'Native cat', 'Mary Airport', '2023-02-04', '2023-04-18');
insert into meal_kit (m_price, m_stock, m_category, m_content, m_name, created_at, modified_at) values (5000, 3, 'Drywall & Acoustical (FED)', 'House sparrow', 'Fergana International Airport', '2023-05-31', '2023-04-26');
insert into meal_kit (m_price, m_stock, m_category, m_content, m_name, created_at, modified_at) values (5000, 4, 'Retaining Wall and Brick Pavers', 'Verreaux''s sifaka', 'Doini Airport', '2023-05-09', '2023-06-28');
insert into meal_kit (m_price, m_stock, m_category, m_content, m_name, created_at, modified_at) values (5000, 5, 'Fire Sprinkler System', 'Hoffman''s sloth', 'Downsview Airport', '2023-01-29', '2023-03-16');
insert into meal_kit (m_price, m_stock, m_category, m_content, m_name, created_at, modified_at) values (5000, 6, 'Drilled Shafts', 'Giant girdled lizard', 'Pontoise - Cormeilles-en-Vexin Airport', '2022-11-17', '2022-11-24');
insert into meal_kit (m_price, m_stock, m_category, m_content, m_name, created_at, modified_at) values (5000, 7, 'Glass & Glazing', 'Red-winged hawk (unidentified)', 'Chevak Airport', '2023-09-09', '2023-09-25');
insert into meal_kit (m_price, m_stock, m_category, m_content, m_name, created_at, modified_at) values (5000, 8, 'Sitework & Site Utilities', 'Skimmer, four-spotted', 'La Isabela International Airport', '2023-08-26', '2023-02-12');
insert into meal_kit (m_price, m_stock, m_category, m_content, m_name, created_at, modified_at) values (5000, 9, 'HVAC', 'King cormorant', 'Sde Dov Airport', '2023-05-18', '2022-12-27');
insert into meal_kit (m_price, m_stock, m_category, m_content, m_name, created_at, modified_at) values (5000, 10, 'Prefabricated Aluminum Metal Canopies', 'Plover, three-banded', 'Shanshan Airport', '2023-01-30', '2023-02-22');
insert into meal_kit (m_price, m_stock, m_category, m_content, m_name, created_at, modified_at) values (5000, 11, 'Site Furnishings', 'Heron, little', 'Vichadero Airport', '2023-07-31', '2023-06-02');
insert into meal_kit (m_price, m_stock, m_category, m_content, m_name, created_at, modified_at) values (5000, 12, 'Roofing (Metal)', 'Blue-tongued lizard', 'Nadzab Airport', '2023-10-13', '2023-05-05');
insert into meal_kit (m_price, m_stock, m_category, m_content, m_name, created_at, modified_at) values (5000, 13, 'Hard Tile & Stone', 'Wood pigeon', 'Elko Regional Airport', '2022-12-20', '2023-11-09');
insert into meal_kit (m_price, m_stock, m_category, m_content, m_name, created_at, modified_at) values (5000, 14, 'Wall Protection', 'White-fronted bee-eater', 'Holingol Huolinhe Airport', '2023-03-24', '2023-08-06');
insert into meal_kit (m_price, m_stock, m_category, m_content, m_name, created_at, modified_at) values (5000, 15, 'Overhead Doors', 'Red-tailed hawk', 'Frankfurt-Hahn Airport', '2023-05-20', '2023-01-17');
insert into meal_kit (m_price, m_stock, m_category, m_content, m_name, created_at, modified_at) values (5000, 16, 'Painting & Vinyl Wall Covering', 'Snake, tiger', 'Metropolitan Airport', '2023-06-24', '2023-11-04');
insert into meal_kit (m_price, m_stock, m_category, m_content, m_name, created_at, modified_at) values (5000, 17, 'EIFS', 'European beaver', 'Choiseul Bay Airport', '2023-07-27', '2023-07-09');
insert into meal_kit (m_price, m_stock, m_category, m_content, m_name, created_at, modified_at) values (5000, 18, 'Elevator', 'Langur, gray', 'Parakou Airport', '2023-05-26', '2023-11-05');
insert into meal_kit (m_price, m_stock, m_category, m_content, m_name, created_at, modified_at) values (5000, 19, 'Granite Surfaces', 'Chameleon (unidentified)', 'Sidi Ifni Xx Airport', '2023-10-03', '2023-02-22');
insert into meal_kit (m_price, m_stock, m_category, m_content, m_name, created_at, modified_at) values (5000, 20, 'Drilled Shafts', 'Eastern indigo snake', 'Ihosy Airport', '2022-12-13', '2023-04-18');
insert into meal_kit (m_price, m_stock, m_category, m_content, m_name, created_at, modified_at) values (5000, 21, 'Overhead Doors', 'Blue-tongued skink', 'Mungeranie Airport', '2023-07-04', '2023-05-06');
insert into meal_kit (m_price, m_stock, m_category, m_content, m_name, created_at, modified_at) values (5000, 22, 'Wall Protection', 'Dingo', 'Beijing Capital International Airport', '2023-01-17', '2023-03-26');
insert into meal_kit (m_price, m_stock, m_category, m_content, m_name, created_at, modified_at) values (5000, 23, 'Structural and Misc Steel (Fabrication)', 'African lion', 'Murod Kond Airport', '2023-06-30', '2023-01-15');
insert into meal_kit (m_price, m_stock, m_category, m_content, m_name, created_at, modified_at) values (5000, 24, 'Marlite Panels (FED)', 'Duck, comb', 'Smyrna Airport', '2023-06-10', '2023-03-22');
insert into meal_kit (m_price, m_stock, m_category, m_content, m_name, created_at, modified_at) values (5000, 25, 'Structural and Misc Steel (Fabrication)', 'Eurasian beaver', 'Kindersley Airport', '2022-12-31', '2023-09-13');
insert into meal_kit (m_price, m_stock, m_category, m_content, m_name, created_at, modified_at) values (5000, 26, 'Site Furnishings', 'Mouflon', 'Velikiy Ustyug Airport', '2023-01-29', '2023-01-13');
insert into meal_kit (m_price, m_stock, m_category, m_content, m_name, created_at, modified_at) values (5000, 27, 'Site Furnishings', 'Warthog', 'Delissaville Airport', '2023-10-28', '2023-10-26');
insert into meal_kit (m_price, m_stock, m_category, m_content, m_name, created_at, modified_at) values (5000, 28, 'Soft Flooring and Base', 'Legaan, ground', 'Palacios Airport', '2022-12-28', '2023-01-30');
insert into meal_kit (m_price, m_stock, m_category, m_content, m_name, created_at, modified_at) values (5000, 29, 'Electrical', 'Greater sage grouse', 'Triangle North Executive Airport', '2022-12-17', '2023-09-14');
insert into meal_kit (m_price, m_stock, m_category, m_content, m_name, created_at, modified_at) values (5000, 30, 'Plumbing & Medical Gas', 'Yak', 'Curuzu Cuatia Airport', '2023-07-14', '2023-09-13');
insert into meal_kit (m_price, m_stock, m_category, m_content, m_name, created_at, modified_at) values (5000, 31, 'Site Furnishings', 'Vulture, white-headed', 'Stewart International Airport', '2023-03-28', '2023-03-08');
insert into meal_kit (m_price, m_stock, m_category, m_content, m_name, created_at, modified_at) values (5000, 32, 'Rebar & Wire Mesh Install', 'Pademelon, red-legged', 'Kobe Airport', '2023-10-06', '2023-03-03');
insert into meal_kit (m_price, m_stock, m_category, m_content, m_name, created_at, modified_at) values (5000, 33, 'Ornamental Railings', 'Three-banded plover', 'Gasmata Island Airport', '2023-09-12', '2022-12-22');
insert into meal_kit (m_price, m_stock, m_category, m_content, m_name, created_at, modified_at) values (5000, 34, 'Structural and Misc Steel (Fabrication)', 'Sulfur-crested cockatoo', 'Venice Municipal Airport', '2023-05-19', '2023-05-07');
insert into meal_kit (m_price, m_stock, m_category, m_content, m_name, created_at, modified_at) values (5000, 35, 'Retaining Wall and Brick Pavers', 'Caracara (unidentified)', 'Harry P Williams Memorial Airport', '2023-03-23', '2023-02-28');
insert into meal_kit (m_price, m_stock, m_category, m_content, m_name, created_at, modified_at) values (5000, 36, 'Painting & Vinyl Wall Covering', 'African buffalo', 'Jerry Tyler Memorial Airport', '2023-03-25', '2023-10-28');
insert into meal_kit (m_price, m_stock, m_category, m_content, m_name, created_at, modified_at) values (5000, 37, 'Waterproofing & Caulking', 'Tsessebe', 'Bremen Airport', '2023-03-13', '2023-05-05');
insert into meal_kit (m_price, m_stock, m_category, m_content, m_name, created_at, modified_at) values (5000, 38, 'Rebar & Wire Mesh Install', 'Long-billed corella', 'Armstrong Airport', '2023-08-21', '2023-09-30');
insert into meal_kit (m_price, m_stock, m_category, m_content, m_name, created_at, modified_at) values (5000, 39, 'Plumbing & Medical Gas', 'Rattlesnake, dusky', 'Matari Airport', '2022-12-12', '2023-08-08');
insert into meal_kit (m_price, m_stock, m_category, m_content, m_name, created_at, modified_at) values (5000, 40, 'Construction Clean and Final Clean', 'Eurasian beaver', 'Wiarton Airport', '2023-08-18', '2023-01-22');
insert into meal_kit (m_price, m_stock, m_category, m_content, m_name, created_at, modified_at) values (5000, 41, 'Framing (Steel)', 'Egret, great', 'La Nubia Airport', '2023-06-11', '2023-06-30');
insert into meal_kit (m_price, m_stock, m_category, m_content, m_name, created_at, modified_at) values (5000, 42, 'Granite Surfaces', 'Silver gull', 'Gurupi Airport', '2023-08-04', '2023-11-05');
insert into meal_kit (m_price, m_stock, m_category, m_content, m_name, created_at, modified_at) values (5000, 43, 'Waterproofing & Caulking', 'Southern screamer', 'Bella Bella/Shearwater Seaplane Base', '2023-10-05', '2023-05-13');
insert into meal_kit (m_price, m_stock, m_category, m_content, m_name, created_at, modified_at) values (5000, 44, 'Drywall & Acoustical (FED)', 'Musk ox', 'Ahwaz Airport', '2023-08-31', '2022-12-15');
insert into meal_kit (m_price, m_stock, m_category, m_content, m_name, created_at, modified_at) values (5000, 45, 'Fire Sprinkler System', 'Deer, red', 'Canton Municipal Airport', '2023-08-03', '2023-05-30');
insert into meal_kit (m_price, m_stock, m_category, m_content, m_name, created_at, modified_at) values (5000, 46, 'RF Shielding', 'Ring-tailed coatimundi', 'Leribe Airport', '2023-11-05', '2023-10-25');
insert into meal_kit (m_price, m_stock, m_category, m_content, m_name, created_at, modified_at) values (5000, 47, 'Wall Protection', 'King vulture', 'University Oxford Airport', '2023-01-15', '2023-01-12');
insert into meal_kit (m_price, m_stock, m_category, m_content, m_name, created_at, modified_at) values (5000, 48, 'Retaining Wall and Brick Pavers', 'Devil, tasmanian', 'Oksapmin Airport', '2022-12-15', '2023-10-19');
insert into meal_kit (m_price, m_stock, m_category, m_content, m_name, created_at, modified_at) values (5000, 49, 'Retaining Wall and Brick Pavers', 'Cockatoo, sulfur-crested', 'Kishangarh Airport', '2023-05-17', '2023-01-20');
insert into meal_kit (m_price, m_stock, m_category, m_content, m_name, created_at, modified_at) values (5000, 50, 'Structural and Misc Steel (Fabrication)', 'Eleven-banded armadillo (unidentified)', 'Rocky Mount Wilson Regional Airport', '2023-03-27', '2023-09-15');
insert into meal_kit (m_price, m_stock, m_category, m_content, m_name, created_at, modified_at) values (5000, 51, 'EIFS', 'Possum, western pygmy', 'Palmarito Airport', '2023-02-17', '2022-12-07');
insert into meal_kit (m_price, m_stock, m_category, m_content, m_name, created_at, modified_at) values (5000, 52, 'RF Shielding', 'Galapagos penguin', 'Altiport L''Alpe d''Huez - Henri GIRAUD', '2023-09-07', '2022-12-27');
insert into meal_kit (m_price, m_stock, m_category, m_content, m_name, created_at, modified_at) values (5000, 53, 'Elevator', 'Cuis', 'Hartley Bay Seaplane Base', '2023-02-13', '2023-10-05');
insert into meal_kit (m_price, m_stock, m_category, m_content, m_name, created_at, modified_at) values (5000, 54, 'Epoxy Flooring', 'Squirrel, richardson''s ground', 'Jefferson Municipal Airport', '2023-05-13', '2023-06-30');
insert into meal_kit (m_price, m_stock, m_category, m_content, m_name, created_at, modified_at) values (5000, 55, 'Fire Protection', 'Bengal vulture', 'Losuia Airport', '2023-07-27', '2023-06-17');
insert into meal_kit (m_price, m_stock, m_category, m_content, m_name, created_at, modified_at) values (5000, 56, 'Masonry', 'Roseat flamingo', 'Angel Fire Airport', '2023-03-03', '2023-02-08');
insert into meal_kit (m_price, m_stock, m_category, m_content, m_name, created_at, modified_at) values (5000, 57, 'Drywall & Acoustical (MOB)', 'Tropical buckeye butterfly', 'Anniston Regional Airport', '2023-10-30', '2022-12-29');
insert into meal_kit (m_price, m_stock, m_category, m_content, m_name, created_at, modified_at) values (5000, 58, 'Drywall & Acoustical (MOB)', 'Four-striped grass mouse', 'Port Lincoln Airport', '2023-07-16', '2023-03-08');
insert into meal_kit (m_price, m_stock, m_category, m_content, m_name, created_at, modified_at) values (5000, 59, 'Waterproofing & Caulking', 'Fox, savanna', 'Karlovy Vary International Airport', '2023-06-28', '2023-05-06');
insert into meal_kit (m_price, m_stock, m_category, m_content, m_name, created_at, modified_at) values (5000, 60, 'Epoxy Flooring', 'Civet (unidentified)', 'Kimble County Airport', '2023-08-20', '2023-03-11');
insert into meal_kit (m_price, m_stock, m_category, m_content, m_name, created_at, modified_at) values (5000, 61, 'Site Furnishings', 'Genet, common', 'Malé International Airport', '2023-04-10', '2023-09-18');
insert into meal_kit (m_price, m_stock, m_category, m_content, m_name, created_at, modified_at) values (5000, 62, 'Epoxy Flooring', 'Stork, saddle-billed', 'Pirapora Airport', '2023-09-11', '2023-05-28');
insert into meal_kit (m_price, m_stock, m_category, m_content, m_name, created_at, modified_at) values (5000, 63, 'Electrical and Fire Alarm', 'Thrasher, curve-billed', 'Prince Rupert/Seal Cove Seaplane Base', '2023-03-09', '2023-06-28');
insert into meal_kit (m_price, m_stock, m_category, m_content, m_name, created_at, modified_at) values (5000, 64, 'Construction Clean and Final Clean', 'White-nosed coatimundi', 'Moba Airport', '2023-01-20', '2023-09-04');
insert into meal_kit (m_price, m_stock, m_category, m_content, m_name, created_at, modified_at) values (5000, 65, 'Roofing (Asphalt)', 'Little heron', 'Angoon Seaplane Base', '2023-03-17', '2023-02-17');
insert into meal_kit (m_price, m_stock, m_category, m_content, m_name, created_at, modified_at) values (5000, 66, 'Retaining Wall and Brick Pavers', 'Spotted hyena', 'Koroba Airport', '2023-01-23', '2023-04-22');
insert into meal_kit (m_price, m_stock, m_category, m_content, m_name, created_at, modified_at) values (5000, 67, 'Painting & Vinyl Wall Covering', 'Gonolek, burchell''s', 'Eunice Airport', '2023-09-07', '2023-10-09');
insert into meal_kit (m_price, m_stock, m_category, m_content, m_name, created_at, modified_at) values (5000, 68, 'Masonry & Precast', 'Openbill, asian', 'Cape Palmas Airport', '2023-11-01', '2023-04-16');
insert into meal_kit (m_price, m_stock, m_category, m_content, m_name, created_at, modified_at) values (5000, 69, 'Marlite Panels (FED)', 'Gull, pacific', 'Salamanca Airport', '2023-10-12', '2023-10-03');
insert into meal_kit (m_price, m_stock, m_category, m_content, m_name, created_at, modified_at) values (5000, 70, 'HVAC', 'Hornbill, leadbeateri''s ground', 'Nevşehir Kapadokya Airport', '2023-10-03', '2023-01-30');
insert into meal_kit (m_price, m_stock, m_category, m_content, m_name, created_at, modified_at) values (5000, 71, 'Hard Tile & Stone', 'Starling, red-shouldered glossy', 'Djanet Inedbirene Airport', '2023-02-09', '2023-07-19');
insert into meal_kit (m_price, m_stock, m_category, m_content, m_name, created_at, modified_at) values (5000, 72, 'Electrical', 'Grey fox', 'Whiteman Air Force Base', '2023-06-27', '2022-12-27');
insert into meal_kit (m_price, m_stock, m_category, m_content, m_name, created_at, modified_at) values (5000, 73, 'Plumbing & Medical Gas', 'Moorhen, purple', 'Baytown Airport', '2023-05-12', '2023-06-06');
insert into meal_kit (m_price, m_stock, m_category, m_content, m_name, created_at, modified_at) values (5000, 74, 'EIFS', 'Falcon, peregrine', 'Cleve Airport', '2023-03-07', '2023-01-19');
insert into meal_kit (m_price, m_stock, m_category, m_content, m_name, created_at, modified_at) values (5000, 75, 'Drywall & Acoustical (MOB)', 'Devil, tasmanian', 'Aosta Airport', '2023-09-25', '2023-09-16');
insert into meal_kit (m_price, m_stock, m_category, m_content, m_name, created_at, modified_at) values (5000, 76, 'Termite Control', 'Bustard, stanley', 'Masindi Airport', '2022-12-23', '2023-04-10');
insert into meal_kit (m_price, m_stock, m_category, m_content, m_name, created_at, modified_at) values (5000, 77, 'Wall Protection', 'Macaque, pig-tailed', 'Tanjung Harapan Airport', '2023-06-20', '2023-11-09');
insert into meal_kit (m_price, m_stock, m_category, m_content, m_name, created_at, modified_at) values (5000, 78, 'Roofing (Metal)', 'Armadillo, seven-banded', 'Chengjisihan Airport', '2023-10-27', '2022-12-04');
insert into meal_kit (m_price, m_stock, m_category, m_content, m_name, created_at, modified_at) values (5000, 79, 'Retaining Wall and Brick Pavers', 'Griffon vulture', 'Mamfe Airport', '2022-11-24', '2023-05-08');
insert into meal_kit (m_price, m_stock, m_category, m_content, m_name, created_at, modified_at) values (5000, 80, 'Fire Protection', 'Thomson''s gazelle', 'Wollongong Airport', '2023-09-23', '2023-10-15');
insert into meal_kit (m_price, m_stock, m_category, m_content, m_name, created_at, modified_at) values (5000, 81, 'Casework', 'Western grey kangaroo', 'El Borma Airport', '2023-08-26', '2023-01-06');
insert into meal_kit (m_price, m_stock, m_category, m_content, m_name, created_at, modified_at) values (5000, 82, 'HVAC', 'Pied butcher bird', 'Hazrat Shahjalal International Airport', '2023-03-19', '2023-06-24');
insert into meal_kit (m_price, m_stock, m_category, m_content, m_name, created_at, modified_at) values (5000, 83, 'Painting & Vinyl Wall Covering', 'Waved albatross', 'Buckeye Municipal Airport', '2023-03-06', '2023-10-20');
insert into meal_kit (m_price, m_stock, m_category, m_content, m_name, created_at, modified_at) values (5000, 84, 'Painting & Vinyl Wall Covering', 'Constrictor, eastern boa', 'Lázaro Cárdenas Airport', '2023-03-08', '2023-05-21');
insert into meal_kit (m_price, m_stock, m_category, m_content, m_name, created_at, modified_at) values (5000, 85, 'Fire Sprinkler System', 'Lemming, collared', 'London Airport', '2022-12-25', '2023-06-03');
insert into meal_kit (m_price, m_stock, m_category, m_content, m_name, created_at, modified_at) values (5000, 86, 'Temp Fencing, Decorative Fencing and Gates', 'Pied butcher bird', 'Dare County Regional Airport', '2023-06-23', '2023-01-02');
insert into meal_kit (m_price, m_stock, m_category, m_content, m_name, created_at, modified_at) values (5000, 87, 'Casework', 'Black-cheeked waxbill', 'Tauta Airport', '2023-09-15', '2023-03-08');
insert into meal_kit (m_price, m_stock, m_category, m_content, m_name, created_at, modified_at) values (5000, 88, 'Epoxy Flooring', 'Feral rock pigeon', 'Hikueru Atoll Airport', '2023-11-11', '2023-07-22');
insert into meal_kit (m_price, m_stock, m_category, m_content, m_name, created_at, modified_at) values (5000, 89, 'Ornamental Railings', 'Yellow-headed caracara', 'AJ Eisenberg Airport', '2022-12-15', '2023-06-28');
insert into meal_kit (m_price, m_stock, m_category, m_content, m_name, created_at, modified_at) values (5000, 90, 'Overhead Doors', 'Topi', 'Ekati Airport', '2023-05-15', '2022-12-15');
insert into meal_kit (m_price, m_stock, m_category, m_content, m_name, created_at, modified_at) values (5000, 91, 'Roofing (Asphalt)', 'Marabou stork', 'Armando Schwarck Airport', '2023-07-24', '2023-07-05');
insert into meal_kit (m_price, m_stock, m_category, m_content, m_name, created_at, modified_at) values (5000, 92, 'Site Furnishings', 'Chuckwalla', 'Kololo Airstrip', '2023-02-04', '2022-12-18');
insert into meal_kit (m_price, m_stock, m_category, m_content, m_name, created_at, modified_at) values (5000, 93, 'EIFS', 'Tropical buckeye butterfly', 'Pelaneng Airport', '2023-05-31', '2023-10-07');
insert into meal_kit (m_price, m_stock, m_category, m_content, m_name, created_at, modified_at) values (5000, 94, 'Fire Sprinkler System', 'Gulls (unidentified)', 'Montepuez Airport', '2023-10-04', '2023-04-15');
insert into meal_kit (m_price, m_stock, m_category, m_content, m_name, created_at, modified_at) values (5000, 95, 'Electrical and Fire Alarm', 'American woodcock', 'Wapekeka Airport', '2023-04-23', '2023-04-27');
insert into meal_kit (m_price, m_stock, m_category, m_content, m_name, created_at, modified_at) values (5000, 96, 'Elevator', 'Snake, carpet', 'Arthur''s Town Airport', '2023-03-12', '2023-08-18');
insert into meal_kit (m_price, m_stock, m_category, m_content, m_name, created_at, modified_at) values (5000, 97, 'Soft Flooring and Base', 'Snake, buttermilk', 'Šiauliai International Airport', '2022-11-27', '2023-10-21');
insert into meal_kit (m_price, m_stock, m_category, m_content, m_name, created_at, modified_at) values (5000, 98, 'Granite Surfaces', 'Squirrel, golden-mantled ground', 'Chadron Municipal Airport', '2023-05-04', '2023-01-24');
insert into meal_kit (m_price, m_stock, m_category, m_content, m_name, created_at, modified_at) values (5000, 99, 'Framing (Wood)', 'Capuchin, black-capped', 'Búðardalur Airport', '2023-02-25', '2022-12-24');
insert into meal_kit (m_price, m_stock, m_category, m_content, m_name, created_at, modified_at) values (5000, 100, 'Plumbing & Medical Gas', 'Deer, black-tailed', 'Namibe Airport', '2023-02-28', '2023-08-22');

-- import meal_kit_comment
insert into meal_kit_comment (created_at, modified_at, meal_kit_id, user_account_id, title, content) values ('2023-10-23', '2023-06-26', 1, 1, 'Hollidaysburg', 'Indigo');
insert into meal_kit_comment (created_at, modified_at, meal_kit_id, user_account_id, title, content) values ('2023-07-09', '2023-05-03', 2, 2, 'Breed Apart, A', 'Teal');
insert into meal_kit_comment (created_at, modified_at, meal_kit_id, user_account_id, title, content) values ('2023-12-10', '2023-08-02', 3, 3, 'Bloodsucking Freaks', 'Puce');
insert into meal_kit_comment (created_at, modified_at, meal_kit_id, user_account_id, title, content) values ('2023-09-08', '2023-10-02', 4, 4, 'Dark Angel (I Come in Peace)', 'Crimson');
insert into meal_kit_comment (created_at, modified_at, meal_kit_id, user_account_id, title, content) values ('2023-12-02', '2023-02-15', 5, 5, 'One Way Boogie Woogie', 'Mauv');
insert into meal_kit_comment (created_at, modified_at, meal_kit_id, user_account_id, title, content) values ('2023-12-04', '2023-01-20', 6, 6, 'Rudo y Cursi (Rough and Vulgar)', 'Puce');
insert into meal_kit_comment (created_at, modified_at, meal_kit_id, user_account_id, title, content) values ('2023-01-07', '2023-03-12', 7, 7, 'Eros', 'Pink');
insert into meal_kit_comment (created_at, modified_at, meal_kit_id, user_account_id, title, content) values ('2023-10-26', '2023-05-07', 8, 8, 'Eastern Drift (Indigène d''Eurasie)', 'Aquamarine');
insert into meal_kit_comment (created_at, modified_at, meal_kit_id, user_account_id, title, content) values ('2022-12-28', '2023-10-29', 9, 9, 'Bobby', 'Yellow');
insert into meal_kit_comment (created_at, modified_at, meal_kit_id, user_account_id, title, content) values ('2023-09-12', '2023-06-06', 10, 10, 'Midnight Clear', 'Indigo');
insert into meal_kit_comment (created_at, modified_at, meal_kit_id, user_account_id, title, content) values ('2023-07-12', '2023-03-24', 11, 11, 'How to Draw a Bunny', 'Maroon');
insert into meal_kit_comment (created_at, modified_at, meal_kit_id, user_account_id, title, content) values ('2023-07-21', '2023-09-30', 12, 12, 'Stuart Little 2', 'Puce');
insert into meal_kit_comment (created_at, modified_at, meal_kit_id, user_account_id, title, content) values ('2023-08-03', '2023-04-30', 13, 13, 'Attack of the Killer Tomatoes!', 'Crimson');
insert into meal_kit_comment (created_at, modified_at, meal_kit_id, user_account_id, title, content) values ('2023-02-08', '2023-02-01', 14, 14, 'Thieves (Voleurs, Les)', 'Green');
insert into meal_kit_comment (created_at, modified_at, meal_kit_id, user_account_id, title, content) values ('2023-06-30', '2023-10-20', 15, 15, 'Suburban Commando', 'Orange');
insert into meal_kit_comment (created_at, modified_at, meal_kit_id, user_account_id, title, content) values ('2023-03-28', '2023-05-06', 16, 16, 'Brothers on the Line', 'Indigo');
insert into meal_kit_comment (created_at, modified_at, meal_kit_id, user_account_id, title, content) values ('2023-03-18', '2023-08-14', 17, 17, 'Story of Women (Affaire de femmes, Une)', 'Yellow');
insert into meal_kit_comment (created_at, modified_at, meal_kit_id, user_account_id, title, content) values ('2023-05-30', '2023-06-20', 18, 18, 'Tyler Perry''s I Can Do Bad All by Myself', 'Violet');
insert into meal_kit_comment (created_at, modified_at, meal_kit_id, user_account_id, title, content) values ('2023-05-04', '2023-09-18', 19, 19, 'Three Musketeers, The', 'Aquamarine');
insert into meal_kit_comment (created_at, modified_at, meal_kit_id, user_account_id, title, content) values ('2023-10-26', '2022-12-15', 20, 20, 'Boys and Girls', 'Khaki');
insert into meal_kit_comment (created_at, modified_at, meal_kit_id, user_account_id, title, content) values ('2023-09-23', '2023-11-17', 21, 21, 'House', 'Indigo');
insert into meal_kit_comment (created_at, modified_at, meal_kit_id, user_account_id, title, content) values ('2023-09-06', '2022-12-21', 22, 22, 'Mating of Millie, The', 'Maroon');
insert into meal_kit_comment (created_at, modified_at, meal_kit_id, user_account_id, title, content) values ('2023-08-28', '2023-06-26', 23, 23, 'Fear Island', 'Blue');
insert into meal_kit_comment (created_at, modified_at, meal_kit_id, user_account_id, title, content) values ('2023-09-27', '2023-08-14', 24, 24, 'Stand Up Guys', 'Mauv');
insert into meal_kit_comment (created_at, modified_at, meal_kit_id, user_account_id, title, content) values ('2023-05-16', '2023-03-10', 25, 25, 'Kurt & Courtney', 'Turquoise');
insert into meal_kit_comment (created_at, modified_at, meal_kit_id, user_account_id, title, content) values ('2023-11-23', '2023-09-21', 26, 26, 'Where the Heart Is', 'Aquamarine');
insert into meal_kit_comment (created_at, modified_at, meal_kit_id, user_account_id, title, content) values ('2023-06-29', '2023-10-19', 27, 27, 'Chechahcos, The', 'Pink');
insert into meal_kit_comment (created_at, modified_at, meal_kit_id, user_account_id, title, content) values ('2023-04-03', '2023-01-04', 28, 28, 'Twogether', 'Mauv');
insert into meal_kit_comment (created_at, modified_at, meal_kit_id, user_account_id, title, content) values ('2023-01-22', '2023-01-17', 29, 29, 'Way Home, The (Jibeuro)', 'Aquamarine');
insert into meal_kit_comment (created_at, modified_at, meal_kit_id, user_account_id, title, content) values ('2023-03-11', '2022-12-18', 30, 30, 'Pit, the Pendulum and Hope, The (Kyvadlo, jáma a nadeje)', 'Goldenrod');
insert into meal_kit_comment (created_at, modified_at, meal_kit_id, user_account_id, title, content) values ('2023-10-14', '2023-03-22', 31, 31, 'Simon', 'Indigo');
insert into meal_kit_comment (created_at, modified_at, meal_kit_id, user_account_id, title, content) values ('2023-12-12', '2023-10-25', 32, 32, 'Dear White People', 'Maroon');
insert into meal_kit_comment (created_at, modified_at, meal_kit_id, user_account_id, title, content) values ('2023-09-04', '2023-03-23', 33, 33, 'Champagne for Caesar', 'Crimson');
insert into meal_kit_comment (created_at, modified_at, meal_kit_id, user_account_id, title, content) values ('2023-02-09', '2023-11-22', 34, 34, 'Shadows of Our Forgotten Ancestors (Tini zabutykh predkiv)', 'Violet');
insert into meal_kit_comment (created_at, modified_at, meal_kit_id, user_account_id, title, content) values ('2023-02-01', '2023-08-20', 35, 35, 'Treeless Mountain', 'Orange');
insert into meal_kit_comment (created_at, modified_at, meal_kit_id, user_account_id, title, content) values ('2023-05-20', '2023-01-01', 36, 36, 'Orca: The Killer Whale', 'Teal');
insert into meal_kit_comment (created_at, modified_at, meal_kit_id, user_account_id, title, content) values ('2022-12-23', '2023-04-12', 37, 37, 'Head Over Heels', 'Khaki');
insert into meal_kit_comment (created_at, modified_at, meal_kit_id, user_account_id, title, content) values ('2023-12-12', '2022-12-20', 38, 38, 'Cry Freedom', 'Puce');
insert into meal_kit_comment (created_at, modified_at, meal_kit_id, user_account_id, title, content) values ('2023-01-14', '2023-05-17', 39, 39, 'Shaft''s Big Score!', 'Aquamarine');
insert into meal_kit_comment (created_at, modified_at, meal_kit_id, user_account_id, title, content) values ('2023-09-07', '2023-06-28', 40, 40, 'Adventure of Sherlock Holmes'' Smarter Brother, The', 'Fuscia');
insert into meal_kit_comment (created_at, modified_at, meal_kit_id, user_account_id, title, content) values ('2023-05-08', '2023-05-07', 41, 41, 'Rolling Thunder', 'Yellow');
insert into meal_kit_comment (created_at, modified_at, meal_kit_id, user_account_id, title, content) values ('2023-11-21', '2023-04-16', 42, 42, 'Mother Küsters Goes to Heaven (Mutter Küsters'' Fahrt zum Himmel)', 'Green');
insert into meal_kit_comment (created_at, modified_at, meal_kit_id, user_account_id, title, content) values ('2023-05-04', '2023-08-26', 43, 43, 'Take the High Ground!', 'Crimson');
insert into meal_kit_comment (created_at, modified_at, meal_kit_id, user_account_id, title, content) values ('2023-11-16', '2023-03-01', 44, 44, 'The Gardener', 'Green');
insert into meal_kit_comment (created_at, modified_at, meal_kit_id, user_account_id, title, content) values ('2023-06-04', '2023-11-19', 45, 45, 'Dark Knight Rises, The', 'Orange');
insert into meal_kit_comment (created_at, modified_at, meal_kit_id, user_account_id, title, content) values ('2023-09-29', '2023-08-02', 46, 46, 'Remarkable Power', 'Goldenrod');
insert into meal_kit_comment (created_at, modified_at, meal_kit_id, user_account_id, title, content) values ('2023-05-07', '2023-09-13', 47, 47, 'I Became a Criminal (They Made Me a Fugitive)', 'Crimson');
insert into meal_kit_comment (created_at, modified_at, meal_kit_id, user_account_id, title, content) values ('2023-04-12', '2023-04-08', 48, 48, 'Lost, The', 'Purple');
insert into meal_kit_comment (created_at, modified_at, meal_kit_id, user_account_id, title, content) values ('2023-05-03', '2023-11-23', 49, 49, 'Caine (Shark!)', 'Red');
insert into meal_kit_comment (created_at, modified_at, meal_kit_id, user_account_id, title, content) values ('2023-01-06', '2023-08-23', 50, 50, 'Short Sharp Shock (Kurz und schmerzlos) ', 'Green');
insert into meal_kit_comment (created_at, modified_at, meal_kit_id, user_account_id, title, content) values ('2023-07-15', '2023-07-01', 51, 51, 'Itty Bitty Titty Committee', 'Violet');
insert into meal_kit_comment (created_at, modified_at, meal_kit_id, user_account_id, title, content) values ('2023-05-18', '2023-12-07', 52, 52, 'Making the Earth Stand Still', 'Khaki');
insert into meal_kit_comment (created_at, modified_at, meal_kit_id, user_account_id, title, content) values ('2023-06-23', '2023-01-05', 53, 53, 'Road, Movie', 'Green');
insert into meal_kit_comment (created_at, modified_at, meal_kit_id, user_account_id, title, content) values ('2023-10-10', '2023-09-05', 54, 54, 'Drones', 'Turquoise');
insert into meal_kit_comment (created_at, modified_at, meal_kit_id, user_account_id, title, content) values ('2023-09-24', '2023-01-27', 55, 55, 'Face', 'Violet');
insert into meal_kit_comment (created_at, modified_at, meal_kit_id, user_account_id, title, content) values ('2023-03-31', '2023-11-01', 56, 56, 'King of California', 'Teal');
insert into meal_kit_comment (created_at, modified_at, meal_kit_id, user_account_id, title, content) values ('2023-10-08', '2023-11-09', 57, 57, 'Stepfather II', 'Blue');
insert into meal_kit_comment (created_at, modified_at, meal_kit_id, user_account_id, title, content) values ('2023-04-25', '2023-08-28', 58, 58, 'Tortured, The', 'Violet');
insert into meal_kit_comment (created_at, modified_at, meal_kit_id, user_account_id, title, content) values ('2023-07-29', '2023-07-13', 59, 59, 'Killer Crocodile', 'Red');
insert into meal_kit_comment (created_at, modified_at, meal_kit_id, user_account_id, title, content) values ('2023-09-21', '2023-04-03', 60, 60, 'Match King, The', 'Turquoise');
insert into meal_kit_comment (created_at, modified_at, meal_kit_id, user_account_id, title, content) values ('2023-06-24', '2023-10-20', 61, 61, 'Love in the Afternoon', 'Purple');
insert into meal_kit_comment (created_at, modified_at, meal_kit_id, user_account_id, title, content) values ('2023-04-07', '2022-12-30', 62, 62, 'Pay or Die', 'Turquoise');
insert into meal_kit_comment (created_at, modified_at, meal_kit_id, user_account_id, title, content) values ('2023-08-22', '2023-11-18', 63, 63, 'Mission: Impossible', 'Orange');
insert into meal_kit_comment (created_at, modified_at, meal_kit_id, user_account_id, title, content) values ('2023-08-01', '2022-12-13', 64, 64, 'Open House ', 'Yellow');
insert into meal_kit_comment (created_at, modified_at, meal_kit_id, user_account_id, title, content) values ('2023-08-05', '2023-11-03', 65, 65, 'Sea Wolf, The', 'Fuscia');
insert into meal_kit_comment (created_at, modified_at, meal_kit_id, user_account_id, title, content) values ('2023-07-30', '2023-11-20', 66, 66, 'Rock & Rule', 'Pink');
insert into meal_kit_comment (created_at, modified_at, meal_kit_id, user_account_id, title, content) values ('2023-11-18', '2023-11-22', 67, 67, 'Captives', 'Aquamarine');
insert into meal_kit_comment (created_at, modified_at, meal_kit_id, user_account_id, title, content) values ('2023-09-12', '2023-01-09', 68, 68, 'One Day in September', 'Teal');
insert into meal_kit_comment (created_at, modified_at, meal_kit_id, user_account_id, title, content) values ('2023-12-11', '2023-05-16', 69, 69, 'Boys', 'Orange');
insert into meal_kit_comment (created_at, modified_at, meal_kit_id, user_account_id, title, content) values ('2023-04-14', '2023-06-06', 70, 70, 'All for the Winner (Dou sing)', 'Maroon');
insert into meal_kit_comment (created_at, modified_at, meal_kit_id, user_account_id, title, content) values ('2023-07-24', '2023-07-21', 71, 71, 'Tango', 'Goldenrod');
insert into meal_kit_comment (created_at, modified_at, meal_kit_id, user_account_id, title, content) values ('2023-03-20', '2023-06-03', 72, 72, 'Back to School', 'Fuscia');
insert into meal_kit_comment (created_at, modified_at, meal_kit_id, user_account_id, title, content) values ('2023-10-12', '2023-06-06', 73, 73, 'Steppenwolf', 'Crimson');
insert into meal_kit_comment (created_at, modified_at, meal_kit_id, user_account_id, title, content) values ('2023-08-20', '2023-09-16', 74, 74, 'Monsters, Inc.', 'Blue');
insert into meal_kit_comment (created_at, modified_at, meal_kit_id, user_account_id, title, content) values ('2023-02-17', '2023-06-05', 75, 75, 'Shipping News, The', 'Violet');
insert into meal_kit_comment (created_at, modified_at, meal_kit_id, user_account_id, title, content) values ('2022-12-15', '2023-04-13', 76, 76, 'Last Samurai, The', 'Pink');
insert into meal_kit_comment (created_at, modified_at, meal_kit_id, user_account_id, title, content) values ('2023-09-15', '2023-02-12', 77, 77, 'Captain America II: Death Too Soon', 'Yellow');
insert into meal_kit_comment (created_at, modified_at, meal_kit_id, user_account_id, title, content) values ('2023-05-02', '2022-12-16', 78, 78, 'Rum Diary, The', 'Aquamarine');
insert into meal_kit_comment (created_at, modified_at, meal_kit_id, user_account_id, title, content) values ('2023-04-07', '2023-06-12', 79, 79, 'I Always Wanted to Be a Gangster (J''ai toujours rêvé d''être un gangster)', 'Yellow');
insert into meal_kit_comment (created_at, modified_at, meal_kit_id, user_account_id, title, content) values ('2022-12-28', '2023-01-15', 80, 80, 'Spring in a Small Town (Xiao cheng zhi chun)', 'Blue');
insert into meal_kit_comment (created_at, modified_at, meal_kit_id, user_account_id, title, content) values ('2023-03-14', '2023-01-02', 81, 81, 'Blood of Redemption', 'Violet');
insert into meal_kit_comment (created_at, modified_at, meal_kit_id, user_account_id, title, content) values ('2023-08-19', '2023-01-15', 82, 82, 'Vic+Flo Saw a Bear', 'Teal');
insert into meal_kit_comment (created_at, modified_at, meal_kit_id, user_account_id, title, content) values ('2023-10-08', '2023-02-28', 83, 83, 'You Light Up My Life', 'Mauv');
insert into meal_kit_comment (created_at, modified_at, meal_kit_id, user_account_id, title, content) values ('2023-07-31', '2023-10-24', 84, 84, 'Perrier''s Bounty', 'Teal');
insert into meal_kit_comment (created_at, modified_at, meal_kit_id, user_account_id, title, content) values ('2023-03-01', '2023-09-14', 85, 85, 'Winnie the Pooh', 'Purple');
insert into meal_kit_comment (created_at, modified_at, meal_kit_id, user_account_id, title, content) values ('2023-08-01', '2023-12-02', 86, 86, 'Pirates of the Caribbean: Dead Man''s Chest', 'Purple');
insert into meal_kit_comment (created_at, modified_at, meal_kit_id, user_account_id, title, content) values ('2023-01-18', '2023-03-09', 87, 87, 'Trip, The', 'Mauv');
insert into meal_kit_comment (created_at, modified_at, meal_kit_id, user_account_id, title, content) values ('2023-09-29', '2023-02-28', 88, 88, 'Camp', 'Mauv');
insert into meal_kit_comment (created_at, modified_at, meal_kit_id, user_account_id, title, content) values ('2023-02-16', '2023-04-03', 89, 89, 'Soft Toilet Seats', 'Pink');
insert into meal_kit_comment (created_at, modified_at, meal_kit_id, user_account_id, title, content) values ('2023-02-17', '2023-02-14', 90, 90, 'Catch .44', 'Aquamarine');
insert into meal_kit_comment (created_at, modified_at, meal_kit_id, user_account_id, title, content) values ('2023-09-30', '2023-02-18', 91, 91, 'The Land Before Time IV: Journey Through the Mists', 'Yellow');
insert into meal_kit_comment (created_at, modified_at, meal_kit_id, user_account_id, title, content) values ('2023-05-27', '2023-10-13', 92, 92, 'Late Great Planet Earth, The', 'Indigo');
insert into meal_kit_comment (created_at, modified_at, meal_kit_id, user_account_id, title, content) values ('2023-12-03', '2023-04-09', 93, 93, 'Idolmaker, The', 'Khaki');
insert into meal_kit_comment (created_at, modified_at, meal_kit_id, user_account_id, title, content) values ('2022-12-23', '2022-12-13', 94, 94, 'Por un puñado de besos', 'Yellow');
insert into meal_kit_comment (created_at, modified_at, meal_kit_id, user_account_id, title, content) values ('2023-05-23', '2023-03-01', 95, 95, 'Black Rain', 'Yellow');
insert into meal_kit_comment (created_at, modified_at, meal_kit_id, user_account_id, title, content) values ('2023-07-18', '2023-08-06', 96, 96, 'Populaire', 'Puce');
insert into meal_kit_comment (created_at, modified_at, meal_kit_id, user_account_id, title, content) values ('2023-07-16', '2023-09-07', 97, 97, 'Henry Fool', 'Red');
insert into meal_kit_comment (created_at, modified_at, meal_kit_id, user_account_id, title, content) values ('2023-02-28', '2023-11-13', 98, 98, 'S.P.L.: Kill Zone (Saat po long)', 'Goldenrod');
insert into meal_kit_comment (created_at, modified_at, meal_kit_id, user_account_id, title, content) values ('2023-07-25', '2023-02-24', 99, 99, 'Unmade Beds', 'Yellow');
insert into meal_kit_comment (created_at, modified_at, meal_kit_id, user_account_id, title, content) values ('2023-10-31', '2023-02-15', 100, 100, 'Age of Dinosaurs', 'Maroon');


-- import meal_kit_image
insert into meal_kit_image (meal_kit_id, image_url, created_at, modified_at) values (1, 'https://images.unsplash.com/photo-1568605114967-8130f3a36994?auto=format&fit=crop&w=400', '2023-06-03', '2023-05-30');
insert into meal_kit_image (meal_kit_id, image_url, created_at, modified_at) values (1, 'http://dummyimage.com/x.png/dddddd/000000', '2023-01-13', '2023-06-11');
insert into meal_kit_image (meal_kit_id, image_url, created_at, modified_at) values (3, 'https://images.unsplash.com/photo-1568605114967-8130f3a36994?auto=format&fit=crop&w=400', '2023-01-21', '2023-11-23');
insert into meal_kit_image (meal_kit_id, image_url, created_at, modified_at) values (4, 'http://dummyimage.com/x.png/ff4444/ffffff', '2023-09-04', '2023-08-08');
insert into meal_kit_image (meal_kit_id, image_url, created_at, modified_at) values (5, 'http://dummyimage.com/x.png/cc0000/ffffff', '2023-07-18', '2023-02-13');
insert into meal_kit_image (meal_kit_id, image_url, created_at, modified_at) values (6, 'http://dummyimage.com/x.png/cc0000/ffffff', '2022-12-22', '2023-01-03');
insert into meal_kit_image (meal_kit_id, image_url, created_at, modified_at) values (7, 'http://dummyimage.com/x.png/dddddd/000000', '2023-07-24', '2022-12-17');
insert into meal_kit_image (meal_kit_id, image_url, created_at, modified_at) values (8, 'http://dummyimage.com/x.png/5fa2dd/ffffff', '2023-03-11', '2023-10-25');
insert into meal_kit_image (meal_kit_id, image_url, created_at, modified_at) values (9, 'http://dummyimage.com/x.png/cc0000/ffffff', '2023-07-26', '2023-04-23');
insert into meal_kit_image (meal_kit_id, image_url, created_at, modified_at) values (10, 'http://dummyimage.com/x.png/cc0000/ffffff', '2023-09-26', '2023-09-28');
insert into meal_kit_image (meal_kit_id, image_url, created_at, modified_at) values (11, 'http://dummyimage.com/x.png/ff4444/ffffff', '2023-01-28', '2023-02-26');
insert into meal_kit_image (meal_kit_id, image_url, created_at, modified_at) values (12, 'http://dummyimage.com/x.png/dddddd/000000', '2023-09-13', '2023-08-24');
insert into meal_kit_image (meal_kit_id, image_url, created_at, modified_at) values (13, 'http://dummyimage.com/x.png/5fa2dd/ffffff', '2023-05-12', '2023-06-04');
insert into meal_kit_image (meal_kit_id, image_url, created_at, modified_at) values (14, 'http://dummyimage.com/x.png/5fa2dd/ffffff', '2023-01-11', '2023-10-04');
insert into meal_kit_image (meal_kit_id, image_url, created_at, modified_at) values (15, 'http://dummyimage.com/x.png/5fa2dd/ffffff', '2023-11-30', '2023-08-19');
insert into meal_kit_image (meal_kit_id, image_url, created_at, modified_at) values (16, 'http://dummyimage.com/x.png/5fa2dd/ffffff', '2023-09-02', '2023-05-22');
insert into meal_kit_image (meal_kit_id, image_url, created_at, modified_at) values (17, 'http://dummyimage.com/x.png/ff4444/ffffff', '2023-04-01', '2023-02-26');
insert into meal_kit_image (meal_kit_id, image_url, created_at, modified_at) values (18, 'http://dummyimage.com/x.png/5fa2dd/ffffff', '2023-05-02', '2023-03-08');
insert into meal_kit_image (meal_kit_id, image_url, created_at, modified_at) values (19, 'http://dummyimage.com/x.png/ff4444/ffffff', '2023-07-13', '2023-05-10');
insert into meal_kit_image (meal_kit_id, image_url, created_at, modified_at) values (20, 'http://dummyimage.com/x.png/cc0000/ffffff', '2023-08-26', '2023-05-28');
insert into meal_kit_image (meal_kit_id, image_url, created_at, modified_at) values (21, 'http://dummyimage.com/x.png/dddddd/000000', '2023-10-08', '2023-02-03');
insert into meal_kit_image (meal_kit_id, image_url, created_at, modified_at) values (22, 'http://dummyimage.com/x.png/5fa2dd/ffffff', '2023-01-11', '2023-09-01');
insert into meal_kit_image (meal_kit_id, image_url, created_at, modified_at) values (23, 'http://dummyimage.com/x.png/5fa2dd/ffffff', '2023-02-22', '2023-09-09');
insert into meal_kit_image (meal_kit_id, image_url, created_at, modified_at) values (24, 'http://dummyimage.com/x.png/5fa2dd/ffffff', '2023-08-17', '2023-04-24');
insert into meal_kit_image (meal_kit_id, image_url, created_at, modified_at) values (25, 'http://dummyimage.com/x.png/ff4444/ffffff', '2023-09-27', '2023-11-07');
insert into meal_kit_image (meal_kit_id, image_url, created_at, modified_at) values (26, 'http://dummyimage.com/x.png/5fa2dd/ffffff', '2023-07-23', '2023-06-03');
insert into meal_kit_image (meal_kit_id, image_url, created_at, modified_at) values (27, 'http://dummyimage.com/x.png/cc0000/ffffff', '2023-04-09', '2023-06-20');
insert into meal_kit_image (meal_kit_id, image_url, created_at, modified_at) values (28, 'http://dummyimage.com/x.png/5fa2dd/ffffff', '2023-11-27', '2023-09-07');
insert into meal_kit_image (meal_kit_id, image_url, created_at, modified_at) values (29, 'http://dummyimage.com/x.png/cc0000/ffffff', '2023-07-21', '2023-01-06');
insert into meal_kit_image (meal_kit_id, image_url, created_at, modified_at) values (30, 'http://dummyimage.com/x.png/dddddd/000000', '2023-01-02', '2023-03-28');
insert into meal_kit_image (meal_kit_id, image_url, created_at, modified_at) values (31, 'http://dummyimage.com/x.png/ff4444/ffffff', '2023-03-02', '2023-10-16');
insert into meal_kit_image (meal_kit_id, image_url, created_at, modified_at) values (32, 'http://dummyimage.com/x.png/cc0000/ffffff', '2023-05-04', '2023-03-02');
insert into meal_kit_image (meal_kit_id, image_url, created_at, modified_at) values (33, 'http://dummyimage.com/x.png/ff4444/ffffff', '2023-04-07', '2023-06-26');
insert into meal_kit_image (meal_kit_id, image_url, created_at, modified_at) values (34, 'http://dummyimage.com/x.png/dddddd/000000', '2023-10-23', '2023-06-06');
insert into meal_kit_image (meal_kit_id, image_url, created_at, modified_at) values (35, 'http://dummyimage.com/x.png/dddddd/000000', '2023-05-17', '2023-07-14');
insert into meal_kit_image (meal_kit_id, image_url, created_at, modified_at) values (36, 'http://dummyimage.com/x.png/cc0000/ffffff', '2023-04-13', '2023-09-19');
insert into meal_kit_image (meal_kit_id, image_url, created_at, modified_at) values (37, 'http://dummyimage.com/x.png/cc0000/ffffff', '2023-05-21', '2023-02-22');
insert into meal_kit_image (meal_kit_id, image_url, created_at, modified_at) values (38, 'http://dummyimage.com/x.png/dddddd/000000', '2023-01-12', '2023-05-10');
insert into meal_kit_image (meal_kit_id, image_url, created_at, modified_at) values (39, 'http://dummyimage.com/x.png/ff4444/ffffff', '2023-01-30', '2023-07-29');
insert into meal_kit_image (meal_kit_id, image_url, created_at, modified_at) values (40, 'http://dummyimage.com/x.png/dddddd/000000', '2023-01-09', '2023-07-21');
insert into meal_kit_image (meal_kit_id, image_url, created_at, modified_at) values (41, 'http://dummyimage.com/x.png/ff4444/ffffff', '2023-11-29', '2023-03-30');
insert into meal_kit_image (meal_kit_id, image_url, created_at, modified_at) values (42, 'http://dummyimage.com/x.png/dddddd/000000', '2023-02-10', '2023-06-26');
insert into meal_kit_image (meal_kit_id, image_url, created_at, modified_at) values (43, 'http://dummyimage.com/x.png/cc0000/ffffff', '2023-08-16', '2023-06-06');
insert into meal_kit_image (meal_kit_id, image_url, created_at, modified_at) values (44, 'http://dummyimage.com/x.png/ff4444/ffffff', '2023-05-25', '2023-02-25');
insert into meal_kit_image (meal_kit_id, image_url, created_at, modified_at) values (45, 'http://dummyimage.com/x.png/5fa2dd/ffffff', '2023-07-01', '2023-10-15');
insert into meal_kit_image (meal_kit_id, image_url, created_at, modified_at) values (46, 'http://dummyimage.com/x.png/ff4444/ffffff', '2023-01-19', '2023-04-05');
insert into meal_kit_image (meal_kit_id, image_url, created_at, modified_at) values (47, 'http://dummyimage.com/x.png/5fa2dd/ffffff', '2023-10-08', '2022-12-14');
insert into meal_kit_image (meal_kit_id, image_url, created_at, modified_at) values (48, 'http://dummyimage.com/x.png/ff4444/ffffff', '2023-02-25', '2023-07-29');
insert into meal_kit_image (meal_kit_id, image_url, created_at, modified_at) values (49, 'http://dummyimage.com/x.png/cc0000/ffffff', '2023-04-05', '2023-02-12');
insert into meal_kit_image (meal_kit_id, image_url, created_at, modified_at) values (50, 'http://dummyimage.com/x.png/cc0000/ffffff', '2023-10-12', '2023-10-23');
insert into meal_kit_image (meal_kit_id, image_url, created_at, modified_at) values (51, 'http://dummyimage.com/x.png/ff4444/ffffff', '2023-01-31', '2023-11-27');
insert into meal_kit_image (meal_kit_id, image_url, created_at, modified_at) values (52, 'http://dummyimage.com/x.png/dddddd/000000', '2023-09-30', '2023-06-24');
insert into meal_kit_image (meal_kit_id, image_url, created_at, modified_at) values (53, 'http://dummyimage.com/x.png/ff4444/ffffff', '2023-06-30', '2022-12-28');
insert into meal_kit_image (meal_kit_id, image_url, created_at, modified_at) values (54, 'http://dummyimage.com/x.png/ff4444/ffffff', '2023-09-11', '2023-08-30');
insert into meal_kit_image (meal_kit_id, image_url, created_at, modified_at) values (55, 'http://dummyimage.com/x.png/ff4444/ffffff', '2023-05-13', '2023-11-16');
insert into meal_kit_image (meal_kit_id, image_url, created_at, modified_at) values (56, 'http://dummyimage.com/x.png/ff4444/ffffff', '2023-11-06', '2023-06-29');
insert into meal_kit_image (meal_kit_id, image_url, created_at, modified_at) values (57, 'http://dummyimage.com/x.png/cc0000/ffffff', '2023-03-19', '2022-12-24');
insert into meal_kit_image (meal_kit_id, image_url, created_at, modified_at) values (58, 'http://dummyimage.com/x.png/ff4444/ffffff', '2023-05-28', '2023-01-11');
insert into meal_kit_image (meal_kit_id, image_url, created_at, modified_at) values (59, 'http://dummyimage.com/x.png/dddddd/000000', '2023-05-08', '2023-03-27');
insert into meal_kit_image (meal_kit_id, image_url, created_at, modified_at) values (60, 'http://dummyimage.com/x.png/5fa2dd/ffffff', '2023-05-31', '2023-01-15');
insert into meal_kit_image (meal_kit_id, image_url, created_at, modified_at) values (61, 'http://dummyimage.com/x.png/5fa2dd/ffffff', '2023-08-27', '2022-12-14');
insert into meal_kit_image (meal_kit_id, image_url, created_at, modified_at) values (62, 'http://dummyimage.com/x.png/cc0000/ffffff', '2023-04-15', '2023-04-02');
insert into meal_kit_image (meal_kit_id, image_url, created_at, modified_at) values (63, 'http://dummyimage.com/x.png/dddddd/000000', '2023-01-16', '2023-02-21');
insert into meal_kit_image (meal_kit_id, image_url, created_at, modified_at) values (64, 'http://dummyimage.com/x.png/5fa2dd/ffffff', '2023-06-20', '2023-04-05');
insert into meal_kit_image (meal_kit_id, image_url, created_at, modified_at) values (65, 'http://dummyimage.com/x.png/ff4444/ffffff', '2022-12-30', '2023-01-29');
insert into meal_kit_image (meal_kit_id, image_url, created_at, modified_at) values (66, 'http://dummyimage.com/x.png/ff4444/ffffff', '2022-12-29', '2023-11-20');
insert into meal_kit_image (meal_kit_id, image_url, created_at, modified_at) values (67, 'http://dummyimage.com/x.png/ff4444/ffffff', '2023-01-28', '2023-02-15');
insert into meal_kit_image (meal_kit_id, image_url, created_at, modified_at) values (68, 'http://dummyimage.com/x.png/dddddd/000000', '2022-12-17', '2023-07-01');
insert into meal_kit_image (meal_kit_id, image_url, created_at, modified_at) values (69, 'http://dummyimage.com/x.png/dddddd/000000', '2023-06-08', '2023-01-13');
insert into meal_kit_image (meal_kit_id, image_url, created_at, modified_at) values (70, 'http://dummyimage.com/x.png/cc0000/ffffff', '2023-02-01', '2023-10-31');
insert into meal_kit_image (meal_kit_id, image_url, created_at, modified_at) values (71, 'http://dummyimage.com/x.png/5fa2dd/ffffff', '2023-07-25', '2023-08-28');
insert into meal_kit_image (meal_kit_id, image_url, created_at, modified_at) values (72, 'http://dummyimage.com/x.png/5fa2dd/ffffff', '2023-10-19', '2023-07-07');
insert into meal_kit_image (meal_kit_id, image_url, created_at, modified_at) values (73, 'http://dummyimage.com/x.png/dddddd/000000', '2023-01-27', '2023-09-21');
insert into meal_kit_image (meal_kit_id, image_url, created_at, modified_at) values (74, 'http://dummyimage.com/x.png/cc0000/ffffff', '2023-09-12', '2023-08-09');
insert into meal_kit_image (meal_kit_id, image_url, created_at, modified_at) values (75, 'http://dummyimage.com/x.png/5fa2dd/ffffff', '2023-05-23', '2023-01-10');
insert into meal_kit_image (meal_kit_id, image_url, created_at, modified_at) values (76, 'http://dummyimage.com/x.png/dddddd/000000', '2022-12-26', '2023-01-22');
insert into meal_kit_image (meal_kit_id, image_url, created_at, modified_at) values (77, 'http://dummyimage.com/x.png/5fa2dd/ffffff', '2023-02-08', '2023-09-18');
insert into meal_kit_image (meal_kit_id, image_url, created_at, modified_at) values (78, 'http://dummyimage.com/x.png/cc0000/ffffff', '2023-03-13', '2023-03-22');
insert into meal_kit_image (meal_kit_id, image_url, created_at, modified_at) values (79, 'http://dummyimage.com/x.png/dddddd/000000', '2023-08-09', '2023-07-19');
insert into meal_kit_image (meal_kit_id, image_url, created_at, modified_at) values (80, 'http://dummyimage.com/x.png/cc0000/ffffff', '2023-11-24', '2023-01-05');
insert into meal_kit_image (meal_kit_id, image_url, created_at, modified_at) values (81, 'http://dummyimage.com/x.png/dddddd/000000', '2023-08-11', '2022-12-31');
insert into meal_kit_image (meal_kit_id, image_url, created_at, modified_at) values (82, 'http://dummyimage.com/x.png/cc0000/ffffff', '2023-03-15', '2023-07-11');
insert into meal_kit_image (meal_kit_id, image_url, created_at, modified_at) values (83, 'http://dummyimage.com/x.png/dddddd/000000', '2023-04-18', '2023-05-28');
insert into meal_kit_image (meal_kit_id, image_url, created_at, modified_at) values (84, 'http://dummyimage.com/x.png/5fa2dd/ffffff', '2023-03-23', '2023-11-13');
insert into meal_kit_image (meal_kit_id, image_url, created_at, modified_at) values (85, 'http://dummyimage.com/x.png/cc0000/ffffff', '2023-09-14', '2023-08-20');
insert into meal_kit_image (meal_kit_id, image_url, created_at, modified_at) values (86, 'http://dummyimage.com/x.png/5fa2dd/ffffff', '2023-03-15', '2023-08-28');
insert into meal_kit_image (meal_kit_id, image_url, created_at, modified_at) values (87, 'http://dummyimage.com/x.png/ff4444/ffffff', '2023-10-04', '2023-10-25');
insert into meal_kit_image (meal_kit_id, image_url, created_at, modified_at) values (88, 'http://dummyimage.com/x.png/dddddd/000000', '2023-10-22', '2023-04-25');
insert into meal_kit_image (meal_kit_id, image_url, created_at, modified_at) values (89, 'http://dummyimage.com/x.png/5fa2dd/ffffff', '2023-05-29', '2023-06-29');
insert into meal_kit_image (meal_kit_id, image_url, created_at, modified_at) values (90, 'http://dummyimage.com/x.png/dddddd/000000', '2023-04-23', '2023-06-29');
insert into meal_kit_image (meal_kit_id, image_url, created_at, modified_at) values (91, 'http://dummyimage.com/x.png/5fa2dd/ffffff', '2023-05-26', '2023-06-09');
insert into meal_kit_image (meal_kit_id, image_url, created_at, modified_at) values (92, 'http://dummyimage.com/x.png/dddddd/000000', '2023-11-21', '2023-07-14');
insert into meal_kit_image (meal_kit_id, image_url, created_at, modified_at) values (93, 'http://dummyimage.com/x.png/5fa2dd/ffffff', '2023-11-09', '2022-12-20');
insert into meal_kit_image (meal_kit_id, image_url, created_at, modified_at) values (94, 'http://dummyimage.com/x.png/dddddd/000000', '2023-06-17', '2023-04-29');
insert into meal_kit_image (meal_kit_id, image_url, created_at, modified_at) values (95, 'http://dummyimage.com/x.png/cc0000/ffffff', '2023-05-23', '2022-12-13');
insert into meal_kit_image (meal_kit_id, image_url, created_at, modified_at) values (96, 'http://dummyimage.com/x.png/ff4444/ffffff', '2023-04-26', '2023-11-26');
insert into meal_kit_image (meal_kit_id, image_url, created_at, modified_at) values (97, 'http://dummyimage.com/x.png/dddddd/000000', '2023-03-02', '2023-05-26');
insert into meal_kit_image (meal_kit_id, image_url, created_at, modified_at) values (98, 'http://dummyimage.com/x.png/cc0000/ffffff', '2023-12-10', '2023-03-24');
insert into meal_kit_image (meal_kit_id, image_url, created_at, modified_at) values (99, 'http://dummyimage.com/x.png/5fa2dd/ffffff', '2023-12-06', '2023-12-10');
insert into meal_kit_image (meal_kit_id, image_url, created_at, modified_at) values (100, 'http://dummyimage.com/x.png/5fa2dd/ffffff', '2023-11-25', '2023-10-05');

-- import meal_kit_comment_image
insert into meal_kit_comment_image (meal_kit_comment_id, comment_image_url, created_at, modified_at) values (1, 'http://dummyimage.com/x.png/5fa2dd/ffffff', '2023-01-29', '2023-05-16');
insert into meal_kit_comment_image (meal_kit_comment_id, comment_image_url, created_at, modified_at) values (1, 'http://dummyimage.com/x.png/cc0000/ffffff', '2023-09-27', '2023-07-09');
insert into meal_kit_comment_image (meal_kit_comment_id, comment_image_url, created_at, modified_at) values (3, 'http://dummyimage.com/x.png/dddddd/000000', '2023-06-24', '2023-04-28');
insert into meal_kit_comment_image (meal_kit_comment_id, comment_image_url, created_at, modified_at) values (4, 'http://dummyimage.com/x.png/5fa2dd/ffffff', '2023-04-02', '2022-12-29');
insert into meal_kit_comment_image (meal_kit_comment_id, comment_image_url, created_at, modified_at) values (5, 'http://dummyimage.com/x.png/cc0000/ffffff', '2023-07-15', '2023-02-23');
insert into meal_kit_comment_image (meal_kit_comment_id, comment_image_url, created_at, modified_at) values (6, 'http://dummyimage.com/x.png/ff4444/ffffff', '2023-07-19', '2023-08-31');
insert into meal_kit_comment_image (meal_kit_comment_id, comment_image_url, created_at, modified_at) values (7, 'http://dummyimage.com/x.png/5fa2dd/ffffff', '2023-09-12', '2023-09-08');
insert into meal_kit_comment_image (meal_kit_comment_id, comment_image_url, created_at, modified_at) values (8, 'http://dummyimage.com/x.png/5fa2dd/ffffff', '2023-07-05', '2023-02-02');
insert into meal_kit_comment_image (meal_kit_comment_id, comment_image_url, created_at, modified_at) values (9, 'http://dummyimage.com/x.png/cc0000/ffffff', '2022-12-22', '2023-12-11');
insert into meal_kit_comment_image (meal_kit_comment_id, comment_image_url, created_at, modified_at) values (10, 'http://dummyimage.com/x.png/cc0000/ffffff', '2023-04-22', '2023-10-20');
insert into meal_kit_comment_image (meal_kit_comment_id, comment_image_url, created_at, modified_at) values (11, 'http://dummyimage.com/x.png/ff4444/ffffff', '2022-12-29', '2023-11-24');
insert into meal_kit_comment_image (meal_kit_comment_id, comment_image_url, created_at, modified_at) values (12, 'http://dummyimage.com/x.png/5fa2dd/ffffff', '2023-10-25', '2023-08-17');
insert into meal_kit_comment_image (meal_kit_comment_id, comment_image_url, created_at, modified_at) values (13, 'http://dummyimage.com/x.png/ff4444/ffffff', '2023-03-10', '2023-06-27');
insert into meal_kit_comment_image (meal_kit_comment_id, comment_image_url, created_at, modified_at) values (14, 'http://dummyimage.com/x.png/ff4444/ffffff', '2023-10-27', '2023-10-01');
insert into meal_kit_comment_image (meal_kit_comment_id, comment_image_url, created_at, modified_at) values (15, 'http://dummyimage.com/x.png/ff4444/ffffff', '2023-10-19', '2023-07-08');
insert into meal_kit_comment_image (meal_kit_comment_id, comment_image_url, created_at, modified_at) values (16, 'http://dummyimage.com/x.png/cc0000/ffffff', '2023-09-16', '2023-05-02');
insert into meal_kit_comment_image (meal_kit_comment_id, comment_image_url, created_at, modified_at) values (17, 'http://dummyimage.com/x.png/ff4444/ffffff', '2023-07-22', '2023-04-25');
insert into meal_kit_comment_image (meal_kit_comment_id, comment_image_url, created_at, modified_at) values (18, 'http://dummyimage.com/x.png/cc0000/ffffff', '2023-04-01', '2023-08-28');
insert into meal_kit_comment_image (meal_kit_comment_id, comment_image_url, created_at, modified_at) values (19, 'http://dummyimage.com/x.png/5fa2dd/ffffff', '2023-02-09', '2023-07-02');
insert into meal_kit_comment_image (meal_kit_comment_id, comment_image_url, created_at, modified_at) values (20, 'http://dummyimage.com/x.png/ff4444/ffffff', '2023-11-09', '2023-06-26');
insert into meal_kit_comment_image (meal_kit_comment_id, comment_image_url, created_at, modified_at) values (21, 'http://dummyimage.com/x.png/ff4444/ffffff', '2023-05-16', '2023-11-21');
insert into meal_kit_comment_image (meal_kit_comment_id, comment_image_url, created_at, modified_at) values (22, 'http://dummyimage.com/x.png/ff4444/ffffff', '2023-06-26', '2023-06-09');
insert into meal_kit_comment_image (meal_kit_comment_id, comment_image_url, created_at, modified_at) values (23, 'http://dummyimage.com/x.png/cc0000/ffffff', '2023-01-15', '2023-09-06');
insert into meal_kit_comment_image (meal_kit_comment_id, comment_image_url, created_at, modified_at) values (24, 'http://dummyimage.com/x.png/cc0000/ffffff', '2023-07-09', '2023-05-07');
insert into meal_kit_comment_image (meal_kit_comment_id, comment_image_url, created_at, modified_at) values (25, 'http://dummyimage.com/x.png/dddddd/000000', '2023-07-27', '2023-04-01');
insert into meal_kit_comment_image (meal_kit_comment_id, comment_image_url, created_at, modified_at) values (26, 'http://dummyimage.com/x.png/cc0000/ffffff', '2023-08-08', '2023-06-09');
insert into meal_kit_comment_image (meal_kit_comment_id, comment_image_url, created_at, modified_at) values (27, 'http://dummyimage.com/x.png/cc0000/ffffff', '2023-08-11', '2022-12-30');
insert into meal_kit_comment_image (meal_kit_comment_id, comment_image_url, created_at, modified_at) values (28, 'http://dummyimage.com/x.png/dddddd/000000', '2023-07-30', '2023-01-23');
insert into meal_kit_comment_image (meal_kit_comment_id, comment_image_url, created_at, modified_at) values (29, 'http://dummyimage.com/x.png/cc0000/ffffff', '2023-05-23', '2023-01-03');
insert into meal_kit_comment_image (meal_kit_comment_id, comment_image_url, created_at, modified_at) values (30, 'http://dummyimage.com/x.png/ff4444/ffffff', '2023-01-20', '2023-05-16');
insert into meal_kit_comment_image (meal_kit_comment_id, comment_image_url, created_at, modified_at) values (31, 'http://dummyimage.com/x.png/ff4444/ffffff', '2023-08-18', '2022-12-17');
insert into meal_kit_comment_image (meal_kit_comment_id, comment_image_url, created_at, modified_at) values (32, 'http://dummyimage.com/x.png/ff4444/ffffff', '2023-04-01', '2023-12-03');
insert into meal_kit_comment_image (meal_kit_comment_id, comment_image_url, created_at, modified_at) values (33, 'http://dummyimage.com/x.png/dddddd/000000', '2023-05-14', '2023-02-26');
insert into meal_kit_comment_image (meal_kit_comment_id, comment_image_url, created_at, modified_at) values (34, 'http://dummyimage.com/x.png/ff4444/ffffff', '2023-07-21', '2023-01-23');
insert into meal_kit_comment_image (meal_kit_comment_id, comment_image_url, created_at, modified_at) values (35, 'http://dummyimage.com/x.png/dddddd/000000', '2023-02-05', '2023-11-09');
insert into meal_kit_comment_image (meal_kit_comment_id, comment_image_url, created_at, modified_at) values (36, 'http://dummyimage.com/x.png/5fa2dd/ffffff', '2023-11-19', '2023-06-20');
insert into meal_kit_comment_image (meal_kit_comment_id, comment_image_url, created_at, modified_at) values (37, 'http://dummyimage.com/x.png/dddddd/000000', '2023-06-27', '2023-06-23');
insert into meal_kit_comment_image (meal_kit_comment_id, comment_image_url, created_at, modified_at) values (38, 'http://dummyimage.com/x.png/dddddd/000000', '2023-11-08', '2023-05-19');
insert into meal_kit_comment_image (meal_kit_comment_id, comment_image_url, created_at, modified_at) values (39, 'http://dummyimage.com/x.png/dddddd/000000', '2023-03-01', '2023-05-26');
insert into meal_kit_comment_image (meal_kit_comment_id, comment_image_url, created_at, modified_at) values (40, 'http://dummyimage.com/x.png/5fa2dd/ffffff', '2023-11-27', '2023-04-06');
insert into meal_kit_comment_image (meal_kit_comment_id, comment_image_url, created_at, modified_at) values (41, 'http://dummyimage.com/x.png/ff4444/ffffff', '2023-03-10', '2023-01-23');
insert into meal_kit_comment_image (meal_kit_comment_id, comment_image_url, created_at, modified_at) values (42, 'http://dummyimage.com/x.png/5fa2dd/ffffff', '2023-05-14', '2023-04-07');
insert into meal_kit_comment_image (meal_kit_comment_id, comment_image_url, created_at, modified_at) values (43, 'http://dummyimage.com/x.png/ff4444/ffffff', '2023-11-01', '2023-06-04');
insert into meal_kit_comment_image (meal_kit_comment_id, comment_image_url, created_at, modified_at) values (44, 'http://dummyimage.com/x.png/5fa2dd/ffffff', '2023-01-16', '2023-01-19');
insert into meal_kit_comment_image (meal_kit_comment_id, comment_image_url, created_at, modified_at) values (45, 'http://dummyimage.com/x.png/cc0000/ffffff', '2023-05-08', '2023-09-27');
insert into meal_kit_comment_image (meal_kit_comment_id, comment_image_url, created_at, modified_at) values (46, 'http://dummyimage.com/x.png/cc0000/ffffff', '2023-04-09', '2023-02-11');
insert into meal_kit_comment_image (meal_kit_comment_id, comment_image_url, created_at, modified_at) values (47, 'http://dummyimage.com/x.png/ff4444/ffffff', '2023-10-08', '2023-11-05');
insert into meal_kit_comment_image (meal_kit_comment_id, comment_image_url, created_at, modified_at) values (48, 'http://dummyimage.com/x.png/ff4444/ffffff', '2023-06-05', '2023-05-13');
insert into meal_kit_comment_image (meal_kit_comment_id, comment_image_url, created_at, modified_at) values (49, 'http://dummyimage.com/x.png/ff4444/ffffff', '2023-10-23', '2023-08-19');
insert into meal_kit_comment_image (meal_kit_comment_id, comment_image_url, created_at, modified_at) values (50, 'http://dummyimage.com/x.png/ff4444/ffffff', '2023-05-09', '2023-02-22');
insert into meal_kit_comment_image (meal_kit_comment_id, comment_image_url, created_at, modified_at) values (51, 'http://dummyimage.com/x.png/dddddd/000000', '2023-11-22', '2023-01-28');
insert into meal_kit_comment_image (meal_kit_comment_id, comment_image_url, created_at, modified_at) values (52, 'http://dummyimage.com/x.png/cc0000/ffffff', '2023-04-08', '2023-11-30');
insert into meal_kit_comment_image (meal_kit_comment_id, comment_image_url, created_at, modified_at) values (53, 'http://dummyimage.com/x.png/cc0000/ffffff', '2023-01-04', '2023-09-29');
insert into meal_kit_comment_image (meal_kit_comment_id, comment_image_url, created_at, modified_at) values (54, 'http://dummyimage.com/x.png/ff4444/ffffff', '2023-07-08', '2023-05-31');
insert into meal_kit_comment_image (meal_kit_comment_id, comment_image_url, created_at, modified_at) values (55, 'http://dummyimage.com/x.png/ff4444/ffffff', '2023-01-04', '2023-04-19');
insert into meal_kit_comment_image (meal_kit_comment_id, comment_image_url, created_at, modified_at) values (56, 'http://dummyimage.com/x.png/ff4444/ffffff', '2023-01-07', '2023-06-10');
insert into meal_kit_comment_image (meal_kit_comment_id, comment_image_url, created_at, modified_at) values (57, 'http://dummyimage.com/x.png/cc0000/ffffff', '2022-12-24', '2023-01-08');
insert into meal_kit_comment_image (meal_kit_comment_id, comment_image_url, created_at, modified_at) values (58, 'http://dummyimage.com/x.png/5fa2dd/ffffff', '2023-06-20', '2023-03-03');
insert into meal_kit_comment_image (meal_kit_comment_id, comment_image_url, created_at, modified_at) values (59, 'http://dummyimage.com/x.png/cc0000/ffffff', '2023-06-01', '2023-11-16');
insert into meal_kit_comment_image (meal_kit_comment_id, comment_image_url, created_at, modified_at) values (60, 'http://dummyimage.com/x.png/cc0000/ffffff', '2023-06-09', '2023-04-29');
insert into meal_kit_comment_image (meal_kit_comment_id, comment_image_url, created_at, modified_at) values (61, 'http://dummyimage.com/x.png/dddddd/000000', '2023-11-14', '2023-09-05');
insert into meal_kit_comment_image (meal_kit_comment_id, comment_image_url, created_at, modified_at) values (62, 'http://dummyimage.com/x.png/ff4444/ffffff', '2023-06-05', '2023-06-05');
insert into meal_kit_comment_image (meal_kit_comment_id, comment_image_url, created_at, modified_at) values (63, 'http://dummyimage.com/x.png/5fa2dd/ffffff', '2023-07-04', '2023-01-13');
insert into meal_kit_comment_image (meal_kit_comment_id, comment_image_url, created_at, modified_at) values (64, 'http://dummyimage.com/x.png/dddddd/000000', '2023-10-03', '2023-08-20');
insert into meal_kit_comment_image (meal_kit_comment_id, comment_image_url, created_at, modified_at) values (65, 'http://dummyimage.com/x.png/5fa2dd/ffffff', '2023-09-13', '2022-12-27');
insert into meal_kit_comment_image (meal_kit_comment_id, comment_image_url, created_at, modified_at) values (66, 'http://dummyimage.com/x.png/dddddd/000000', '2023-02-25', '2023-05-04');
insert into meal_kit_comment_image (meal_kit_comment_id, comment_image_url, created_at, modified_at) values (67, 'http://dummyimage.com/x.png/dddddd/000000', '2023-05-14', '2023-05-30');
insert into meal_kit_comment_image (meal_kit_comment_id, comment_image_url, created_at, modified_at) values (68, 'http://dummyimage.com/x.png/dddddd/000000', '2023-01-23', '2023-11-08');
insert into meal_kit_comment_image (meal_kit_comment_id, comment_image_url, created_at, modified_at) values (69, 'http://dummyimage.com/x.png/dddddd/000000', '2023-06-19', '2023-02-22');
insert into meal_kit_comment_image (meal_kit_comment_id, comment_image_url, created_at, modified_at) values (70, 'http://dummyimage.com/x.png/cc0000/ffffff', '2023-07-20', '2023-02-24');
insert into meal_kit_comment_image (meal_kit_comment_id, comment_image_url, created_at, modified_at) values (71, 'http://dummyimage.com/x.png/5fa2dd/ffffff', '2023-12-12', '2023-04-17');
insert into meal_kit_comment_image (meal_kit_comment_id, comment_image_url, created_at, modified_at) values (72, 'http://dummyimage.com/x.png/ff4444/ffffff', '2023-07-19', '2023-04-26');
insert into meal_kit_comment_image (meal_kit_comment_id, comment_image_url, created_at, modified_at) values (73, 'http://dummyimage.com/x.png/ff4444/ffffff', '2023-02-12', '2023-09-03');
insert into meal_kit_comment_image (meal_kit_comment_id, comment_image_url, created_at, modified_at) values (74, 'http://dummyimage.com/x.png/cc0000/ffffff', '2023-08-30', '2023-06-23');
insert into meal_kit_comment_image (meal_kit_comment_id, comment_image_url, created_at, modified_at) values (75, 'http://dummyimage.com/x.png/dddddd/000000', '2023-09-29', '2023-09-22');
insert into meal_kit_comment_image (meal_kit_comment_id, comment_image_url, created_at, modified_at) values (76, 'http://dummyimage.com/x.png/cc0000/ffffff', '2023-10-16', '2023-06-08');
insert into meal_kit_comment_image (meal_kit_comment_id, comment_image_url, created_at, modified_at) values (77, 'http://dummyimage.com/x.png/ff4444/ffffff', '2022-12-18', '2023-09-25');
insert into meal_kit_comment_image (meal_kit_comment_id, comment_image_url, created_at, modified_at) values (78, 'http://dummyimage.com/x.png/dddddd/000000', '2023-10-03', '2023-03-02');
insert into meal_kit_comment_image (meal_kit_comment_id, comment_image_url, created_at, modified_at) values (79, 'http://dummyimage.com/x.png/cc0000/ffffff', '2023-05-02', '2023-01-02');
insert into meal_kit_comment_image (meal_kit_comment_id, comment_image_url, created_at, modified_at) values (80, 'http://dummyimage.com/x.png/ff4444/ffffff', '2023-09-24', '2023-11-22');
insert into meal_kit_comment_image (meal_kit_comment_id, comment_image_url, created_at, modified_at) values (81, 'http://dummyimage.com/x.png/ff4444/ffffff', '2023-04-04', '2023-09-05');
insert into meal_kit_comment_image (meal_kit_comment_id, comment_image_url, created_at, modified_at) values (82, 'http://dummyimage.com/x.png/cc0000/ffffff', '2023-05-15', '2023-03-27');
insert into meal_kit_comment_image (meal_kit_comment_id, comment_image_url, created_at, modified_at) values (83, 'http://dummyimage.com/x.png/ff4444/ffffff', '2023-02-14', '2023-06-23');
insert into meal_kit_comment_image (meal_kit_comment_id, comment_image_url, created_at, modified_at) values (84, 'http://dummyimage.com/x.png/ff4444/ffffff', '2023-11-24', '2023-12-05');
insert into meal_kit_comment_image (meal_kit_comment_id, comment_image_url, created_at, modified_at) values (85, 'http://dummyimage.com/x.png/ff4444/ffffff', '2023-05-28', '2023-11-27');
insert into meal_kit_comment_image (meal_kit_comment_id, comment_image_url, created_at, modified_at) values (86, 'http://dummyimage.com/x.png/dddddd/000000', '2023-11-05', '2023-03-19');
insert into meal_kit_comment_image (meal_kit_comment_id, comment_image_url, created_at, modified_at) values (87, 'http://dummyimage.com/x.png/cc0000/ffffff', '2022-12-18', '2023-11-10');
insert into meal_kit_comment_image (meal_kit_comment_id, comment_image_url, created_at, modified_at) values (88, 'http://dummyimage.com/x.png/ff4444/ffffff', '2023-10-28', '2023-04-22');
insert into meal_kit_comment_image (meal_kit_comment_id, comment_image_url, created_at, modified_at) values (89, 'http://dummyimage.com/x.png/dddddd/000000', '2023-02-21', '2023-08-30');
insert into meal_kit_comment_image (meal_kit_comment_id, comment_image_url, created_at, modified_at) values (90, 'http://dummyimage.com/x.png/ff4444/ffffff', '2023-08-28', '2023-04-28');
insert into meal_kit_comment_image (meal_kit_comment_id, comment_image_url, created_at, modified_at) values (91, 'http://dummyimage.com/x.png/cc0000/ffffff', '2022-12-23', '2023-04-14');
insert into meal_kit_comment_image (meal_kit_comment_id, comment_image_url, created_at, modified_at) values (92, 'http://dummyimage.com/x.png/cc0000/ffffff', '2023-10-14', '2023-10-01');
insert into meal_kit_comment_image (meal_kit_comment_id, comment_image_url, created_at, modified_at) values (93, 'http://dummyimage.com/x.png/5fa2dd/ffffff', '2023-06-03', '2023-10-15');
insert into meal_kit_comment_image (meal_kit_comment_id, comment_image_url, created_at, modified_at) values (94, 'http://dummyimage.com/x.png/cc0000/ffffff', '2023-06-16', '2023-01-22');
insert into meal_kit_comment_image (meal_kit_comment_id, comment_image_url, created_at, modified_at) values (95, 'http://dummyimage.com/x.png/cc0000/ffffff', '2022-12-26', '2022-12-13');
insert into meal_kit_comment_image (meal_kit_comment_id, comment_image_url, created_at, modified_at) values (96, 'http://dummyimage.com/x.png/dddddd/000000', '2023-08-10', '2023-04-04');
insert into meal_kit_comment_image (meal_kit_comment_id, comment_image_url, created_at, modified_at) values (97, 'http://dummyimage.com/x.png/ff4444/ffffff', '2023-06-06', '2023-02-08');
insert into meal_kit_comment_image (meal_kit_comment_id, comment_image_url, created_at, modified_at) values (98, 'http://dummyimage.com/x.png/ff4444/ffffff', '2023-01-26', '2023-07-12');
insert into meal_kit_comment_image (meal_kit_comment_id, comment_image_url, created_at, modified_at) values (99, 'http://dummyimage.com/x.png/cc0000/ffffff', '2023-12-09', '2023-06-01');
insert into meal_kit_comment_image (meal_kit_comment_id, comment_image_url, created_at, modified_at) values (100, 'http://dummyimage.com/x.png/5fa2dd/ffffff', '2023-03-10', '2023-06-29');

-- mealKitSite
insert into meal_kit_site (meal_kit_id, site_price, site_name, site_url, created_at, modified_at) values (1, 6207, 'Thoughtworks', 'http://gizmodo.com', '2023-09-18', '2023-09-05');
insert into meal_kit_site (meal_kit_id, site_price, site_name, site_url, created_at, modified_at) values (2, 5964, 'Photobean', 'https://ebay.com', '2023-08-27', '2023-01-12');
insert into meal_kit_site (meal_kit_id, site_price, site_name, site_url, created_at, modified_at) values (3, 7015, 'Browsetype', 'https://flavors.me', '2023-10-24', '2022-12-31');
insert into meal_kit_site (meal_kit_id, site_price, site_name, site_url, created_at, modified_at) values (4, 6992, 'Dablist', 'https://shareasale.com', '2023-01-08', '2023-07-21');
insert into meal_kit_site (meal_kit_id, site_price, site_name, site_url, created_at, modified_at) values (5, 6633, 'Feedmix', 'http://sourceforge.net', '2023-01-24', '2023-12-17');
insert into meal_kit_site (meal_kit_id, site_price, site_name, site_url, created_at, modified_at) values (6, 6212, 'Centimia', 'https://spotify.com', '2023-01-20', '2023-03-03');
insert into meal_kit_site (meal_kit_id, site_price, site_name, site_url, created_at, modified_at) values (7, 6161, 'Meeveo', 'https://ucsd.edu', '2023-01-03', '2023-08-19');
insert into meal_kit_site (meal_kit_id, site_price, site_name, site_url, created_at, modified_at) values (8, 5228, 'Oba', 'http://google.com', '2023-03-18', '2023-07-22');
insert into meal_kit_site (meal_kit_id, site_price, site_name, site_url, created_at, modified_at) values (9, 6044, 'Dabfeed', 'http://soup.io', '2023-04-06', '2023-05-14');
insert into meal_kit_site (meal_kit_id, site_price, site_name, site_url, created_at, modified_at) values (10, 5658, 'Vinder', 'http://paginegialle.it', '2023-12-15', '2023-01-06');
insert into meal_kit_site (meal_kit_id, site_price, site_name, site_url, created_at, modified_at) values (11, 5566, 'Rhybox', 'http://nyu.edu', '2023-11-19', '2023-05-03');
insert into meal_kit_site (meal_kit_id, site_price, site_name, site_url, created_at, modified_at) values (12, 6730, 'Rhyzio', 'https://nih.gov', '2023-02-24', '2023-04-11');
insert into meal_kit_site (meal_kit_id, site_price, site_name, site_url, created_at, modified_at) values (13, 7150, 'Pixope', 'https://wix.com', '2022-12-30', '2023-08-22');
insert into meal_kit_site (meal_kit_id, site_price, site_name, site_url, created_at, modified_at) values (14, 7216, 'Kimia', 'http://furl.net', '2023-03-28', '2023-06-25');
insert into meal_kit_site (meal_kit_id, site_price, site_name, site_url, created_at, modified_at) values (15, 6457, 'Edgeblab', 'https://about.com', '2022-12-23', '2023-07-02');
insert into meal_kit_site (meal_kit_id, site_price, site_name, site_url, created_at, modified_at) values (16, 5269, 'Riffpath', 'http://biblegateway.com', '2023-02-18', '2023-06-01');
insert into meal_kit_site (meal_kit_id, site_price, site_name, site_url, created_at, modified_at) values (17, 7607, 'Jatri', 'http://latimes.com', '2023-11-27', '2023-12-16');
insert into meal_kit_site (meal_kit_id, site_price, site_name, site_url, created_at, modified_at) values (18, 7693, 'Eayo', 'http://newsvine.com', '2023-08-31', '2023-04-23');
insert into meal_kit_site (meal_kit_id, site_price, site_name, site_url, created_at, modified_at) values (19, 6251, 'Kazio', 'http://opensource.org', '2023-02-17', '2023-02-03');
insert into meal_kit_site (meal_kit_id, site_price, site_name, site_url, created_at, modified_at) values (20, 7720, 'Topiczoom', 'http://usa.gov', '2023-02-28', '2023-10-15');
insert into meal_kit_site (meal_kit_id, site_price, site_name, site_url, created_at, modified_at) values (21, 6937, 'Tambee', 'http://hugedomains.com', '2023-03-04', '2023-02-20');
insert into meal_kit_site (meal_kit_id, site_price, site_name, site_url, created_at, modified_at) values (22, 5017, 'Vidoo', 'http://stumbleupon.com', '2023-06-17', '2022-12-25');
insert into meal_kit_site (meal_kit_id, site_price, site_name, site_url, created_at, modified_at) values (23, 7380, 'Quimba', 'https://behance.net', '2023-01-02', '2023-08-15');
insert into meal_kit_site (meal_kit_id, site_price, site_name, site_url, created_at, modified_at) values (24, 7904, 'Skimia', 'https://theglobeandmail.com', '2023-01-15', '2023-06-17');
insert into meal_kit_site (meal_kit_id, site_price, site_name, site_url, created_at, modified_at) values (25, 7741, 'Rhybox', 'https://hugedomains.com', '2023-08-11', '2023-05-13');
insert into meal_kit_site (meal_kit_id, site_price, site_name, site_url, created_at, modified_at) values (26, 7414, 'Roodel', 'https://usgs.gov', '2023-12-06', '2023-06-06');
insert into meal_kit_site (meal_kit_id, site_price, site_name, site_url, created_at, modified_at) values (27, 6528, 'Topicstorm', 'http://oakley.com', '2023-04-12', '2023-08-16');
insert into meal_kit_site (meal_kit_id, site_price, site_name, site_url, created_at, modified_at) values (28, 7633, 'Gigabox', 'http://microsoft.com', '2022-12-18', '2023-05-17');
insert into meal_kit_site (meal_kit_id, site_price, site_name, site_url, created_at, modified_at) values (29, 6673, 'Chatterbridge', 'http://nyu.edu', '2023-01-27', '2023-11-24');
insert into meal_kit_site (meal_kit_id, site_price, site_name, site_url, created_at, modified_at) values (30, 7536, 'Quamba', 'https://360.cn', '2023-06-14', '2023-03-24');
insert into meal_kit_site (meal_kit_id, site_price, site_name, site_url, created_at, modified_at) values (31, 7672, 'Bubbletube', 'http://ihg.com', '2023-10-08', '2023-04-08');
insert into meal_kit_site (meal_kit_id, site_price, site_name, site_url, created_at, modified_at) values (32, 5112, 'Chatterbridge', 'http://economist.com', '2023-02-10', '2023-05-10');
insert into meal_kit_site (meal_kit_id, site_price, site_name, site_url, created_at, modified_at) values (33, 6418, 'Jabbersphere', 'https://yolasite.com', '2023-10-20', '2023-05-20');
insert into meal_kit_site (meal_kit_id, site_price, site_name, site_url, created_at, modified_at) values (34, 7247, 'DabZ', 'http://goo.gl', '2023-08-11', '2023-02-08');
insert into meal_kit_site (meal_kit_id, site_price, site_name, site_url, created_at, modified_at) values (35, 7304, 'Eimbee', 'http://i2i.jp', '2023-10-23', '2023-02-04');
insert into meal_kit_site (meal_kit_id, site_price, site_name, site_url, created_at, modified_at) values (36, 5871, 'Thoughtmix', 'http://de.vu', '2023-03-27', '2023-04-14');
insert into meal_kit_site (meal_kit_id, site_price, site_name, site_url, created_at, modified_at) values (37, 5337, 'Zoozzy', 'http://etsy.com', '2023-02-20', '2023-01-01');
insert into meal_kit_site (meal_kit_id, site_price, site_name, site_url, created_at, modified_at) values (38, 6717, 'Oozz', 'https://cocolog-nifty.com', '2023-08-16', '2023-01-27');
insert into meal_kit_site (meal_kit_id, site_price, site_name, site_url, created_at, modified_at) values (39, 5328, 'Trudoo', 'https://rediff.com', '2023-06-29', '2023-04-28');
insert into meal_kit_site (meal_kit_id, site_price, site_name, site_url, created_at, modified_at) values (40, 6476, 'Browsezoom', 'https://ovh.net', '2023-08-30', '2023-02-26');
insert into meal_kit_site (meal_kit_id, site_price, site_name, site_url, created_at, modified_at) values (41, 7326, 'Thoughtblab', 'http://bbc.co.uk', '2023-08-22', '2023-05-25');
insert into meal_kit_site (meal_kit_id, site_price, site_name, site_url, created_at, modified_at) values (42, 7212, 'Yakitri', 'http://icio.us', '2023-09-16', '2023-04-10');
insert into meal_kit_site (meal_kit_id, site_price, site_name, site_url, created_at, modified_at) values (43, 6141, 'Zazio', 'http://vkontakte.ru', '2023-02-21', '2023-06-22');
insert into meal_kit_site (meal_kit_id, site_price, site_name, site_url, created_at, modified_at) values (44, 5603, 'Chatterbridge', 'http://imageshack.us', '2023-05-10', '2023-09-25');
insert into meal_kit_site (meal_kit_id, site_price, site_name, site_url, created_at, modified_at) values (45, 6594, 'Lazzy', 'https://nymag.com', '2023-05-12', '2023-12-04');
insert into meal_kit_site (meal_kit_id, site_price, site_name, site_url, created_at, modified_at) values (46, 5881, 'Tagfeed', 'https://cnet.com', '2023-05-18', '2023-11-03');
insert into meal_kit_site (meal_kit_id, site_price, site_name, site_url, created_at, modified_at) values (47, 7894, 'Avamm', 'http://vinaora.com', '2023-05-18', '2023-05-01');
insert into meal_kit_site (meal_kit_id, site_price, site_name, site_url, created_at, modified_at) values (48, 6647, 'Shuffletag', 'http://nationalgeographic.com', '2023-05-19', '2023-11-30');
insert into meal_kit_site (meal_kit_id, site_price, site_name, site_url, created_at, modified_at) values (49, 6677, 'Jayo', 'https://nsw.gov.au', '2023-11-14', '2023-08-28');
insert into meal_kit_site (meal_kit_id, site_price, site_name, site_url, created_at, modified_at) values (50, 7557, 'Thoughtworks', 'http://meetup.com', '2023-09-17', '2023-11-13');
insert into meal_kit_site (meal_kit_id, site_price, site_name, site_url, created_at, modified_at) values (51, 5833, 'Kayveo', 'http://scientificamerican.com', '2023-09-06', '2023-07-09');
insert into meal_kit_site (meal_kit_id, site_price, site_name, site_url, created_at, modified_at) values (52, 6204, 'Browsetype', 'http://fc2.com', '2023-08-01', '2023-02-14');
insert into meal_kit_site (meal_kit_id, site_price, site_name, site_url, created_at, modified_at) values (53, 7993, 'Zava', 'http://shop-pro.jp', '2023-05-04', '2023-10-04');
insert into meal_kit_site (meal_kit_id, site_price, site_name, site_url, created_at, modified_at) values (54, 5569, 'Dynabox', 'https://cyberchimps.com', '2023-04-04', '2023-11-29');
insert into meal_kit_site (meal_kit_id, site_price, site_name, site_url, created_at, modified_at) values (55, 5579, 'Fliptune', 'https://wix.com', '2023-07-21', '2023-10-18');
insert into meal_kit_site (meal_kit_id, site_price, site_name, site_url, created_at, modified_at) values (56, 6527, 'Yata', 'http://cdbaby.com', '2023-04-27', '2023-11-26');
insert into meal_kit_site (meal_kit_id, site_price, site_name, site_url, created_at, modified_at) values (57, 7491, 'Quimm', 'https://flickr.com', '2023-04-18', '2023-03-18');
insert into meal_kit_site (meal_kit_id, site_price, site_name, site_url, created_at, modified_at) values (58, 7545, 'Devshare', 'https://weibo.com', '2022-12-24', '2023-02-06');
insert into meal_kit_site (meal_kit_id, site_price, site_name, site_url, created_at, modified_at) values (59, 5755, 'Yodoo', 'https://gnu.org', '2023-10-22', '2023-12-04');
insert into meal_kit_site (meal_kit_id, site_price, site_name, site_url, created_at, modified_at) values (60, 6190, 'Fliptune', 'http://nba.com', '2023-02-03', '2023-10-03');
insert into meal_kit_site (meal_kit_id, site_price, site_name, site_url, created_at, modified_at) values (61, 6368, 'Riffpedia', 'https://google.nl', '2023-04-25', '2023-01-24');
insert into meal_kit_site (meal_kit_id, site_price, site_name, site_url, created_at, modified_at) values (62, 7189, 'Mydeo', 'https://moonfruit.com', '2023-11-23', '2023-10-08');
insert into meal_kit_site (meal_kit_id, site_price, site_name, site_url, created_at, modified_at) values (63, 7768, 'Yakitri', 'http://discovery.com', '2023-05-24', '2023-03-21');
insert into meal_kit_site (meal_kit_id, site_price, site_name, site_url, created_at, modified_at) values (64, 5637, 'Flipstorm', 'https://census.gov', '2023-05-12', '2023-08-04');
insert into meal_kit_site (meal_kit_id, site_price, site_name, site_url, created_at, modified_at) values (65, 7011, 'Oyonder', 'http://hao123.com', '2023-10-14', '2023-05-21');
insert into meal_kit_site (meal_kit_id, site_price, site_name, site_url, created_at, modified_at) values (66, 5417, 'Meezzy', 'https://mashable.com', '2023-08-29', '2023-05-13');
insert into meal_kit_site (meal_kit_id, site_price, site_name, site_url, created_at, modified_at) values (67, 7582, 'Cogilith', 'https://hc360.com', '2023-01-31', '2023-12-15');
insert into meal_kit_site (meal_kit_id, site_price, site_name, site_url, created_at, modified_at) values (68, 5602, 'Shufflebeat', 'http://zimbio.com', '2023-10-11', '2023-11-30');
insert into meal_kit_site (meal_kit_id, site_price, site_name, site_url, created_at, modified_at) values (69, 6699, 'Livetube', 'http://tamu.edu', '2023-03-30', '2023-09-09');
insert into meal_kit_site (meal_kit_id, site_price, site_name, site_url, created_at, modified_at) values (70, 7170, 'Meeveo', 'https://sfgate.com', '2023-09-04', '2023-07-19');
insert into meal_kit_site (meal_kit_id, site_price, site_name, site_url, created_at, modified_at) values (71, 6081, 'Kanoodle', 'https://topsy.com', '2023-08-06', '2023-09-13');
insert into meal_kit_site (meal_kit_id, site_price, site_name, site_url, created_at, modified_at) values (72, 5111, 'Buzzster', 'http://desdev.cn', '2023-06-29', '2023-04-12');
insert into meal_kit_site (meal_kit_id, site_price, site_name, site_url, created_at, modified_at) values (73, 6967, 'Dabtype', 'http://utexas.edu', '2023-07-19', '2023-10-23');
insert into meal_kit_site (meal_kit_id, site_price, site_name, site_url, created_at, modified_at) values (74, 5140, 'Topiczoom', 'https://patch.com', '2023-06-28', '2023-03-17');
insert into meal_kit_site (meal_kit_id, site_price, site_name, site_url, created_at, modified_at) values (75, 6676, 'Npath', 'http://prweb.com', '2023-09-10', '2023-11-25');
insert into meal_kit_site (meal_kit_id, site_price, site_name, site_url, created_at, modified_at) values (76, 6897, 'Vimbo', 'https://newsvine.com', '2023-11-01', '2023-02-18');
insert into meal_kit_site (meal_kit_id, site_price, site_name, site_url, created_at, modified_at) values (77, 6309, 'Wikizz', 'http://t-online.de', '2023-02-15', '2023-01-07');
insert into meal_kit_site (meal_kit_id, site_price, site_name, site_url, created_at, modified_at) values (78, 6305, 'Tagtune', 'http://google.com', '2023-11-30', '2023-02-03');
insert into meal_kit_site (meal_kit_id, site_price, site_name, site_url, created_at, modified_at) values (79, 5955, 'Feedfish', 'http://earthlink.net', '2023-06-17', '2023-01-06');
insert into meal_kit_site (meal_kit_id, site_price, site_name, site_url, created_at, modified_at) values (80, 6158, 'Rooxo', 'https://oakley.com', '2022-12-20', '2023-09-24');
insert into meal_kit_site (meal_kit_id, site_price, site_name, site_url, created_at, modified_at) values (81, 6446, 'Edgetag', 'https://cornell.edu', '2023-02-28', '2023-01-03');
insert into meal_kit_site (meal_kit_id, site_price, site_name, site_url, created_at, modified_at) values (82, 5541, 'Kazio', 'http://example.com', '2023-04-12', '2023-04-08');
insert into meal_kit_site (meal_kit_id, site_price, site_name, site_url, created_at, modified_at) values (83, 7176, 'Browseblab', 'https://patch.com', '2023-07-06', '2022-12-19');
insert into meal_kit_site (meal_kit_id, site_price, site_name, site_url, created_at, modified_at) values (84, 6578, 'Avaveo', 'http://toplist.cz', '2023-11-23', '2023-01-08');
insert into meal_kit_site (meal_kit_id, site_price, site_name, site_url, created_at, modified_at) values (85, 5104, 'Livepath', 'http://cbslocal.com', '2023-06-23', '2022-12-19');
insert into meal_kit_site (meal_kit_id, site_price, site_name, site_url, created_at, modified_at) values (86, 7892, 'Blogtag', 'http://bing.com', '2023-02-08', '2023-05-29');
insert into meal_kit_site (meal_kit_id, site_price, site_name, site_url, created_at, modified_at) values (87, 6487, 'Photobug', 'http://slate.com', '2023-06-10', '2023-10-10');
insert into meal_kit_site (meal_kit_id, site_price, site_name, site_url, created_at, modified_at) values (88, 5216, 'Geba', 'https://blogtalkradio.com', '2023-07-16', '2023-04-13');
insert into meal_kit_site (meal_kit_id, site_price, site_name, site_url, created_at, modified_at) values (89, 5936, 'Vipe', 'https://cdbaby.com', '2023-02-16', '2023-11-10');
insert into meal_kit_site (meal_kit_id, site_price, site_name, site_url, created_at, modified_at) values (90, 7646, 'Podcat', 'http://indiegogo.com', '2023-05-25', '2023-07-22');
insert into meal_kit_site (meal_kit_id, site_price, site_name, site_url, created_at, modified_at) values (91, 5953, 'Fliptune', 'http://house.gov', '2023-05-06', '2023-06-04');
insert into meal_kit_site (meal_kit_id, site_price, site_name, site_url, created_at, modified_at) values (92, 5526, 'Jabberbean', 'http://squarespace.com', '2023-05-22', '2023-03-14');
insert into meal_kit_site (meal_kit_id, site_price, site_name, site_url, created_at, modified_at) values (93, 5105, 'Skyba', 'https://toplist.cz', '2023-07-25', '2023-08-23');
insert into meal_kit_site (meal_kit_id, site_price, site_name, site_url, created_at, modified_at) values (94, 7373, 'Agivu', 'http://artisteer.com', '2023-01-31', '2023-09-17');
insert into meal_kit_site (meal_kit_id, site_price, site_name, site_url, created_at, modified_at) values (95, 7180, 'Lazzy', 'http://multiply.com', '2023-11-28', '2022-12-20');
insert into meal_kit_site (meal_kit_id, site_price, site_name, site_url, created_at, modified_at) values (96, 7139, 'Jabbersphere', 'http://mac.com', '2023-09-22', '2023-09-20');
insert into meal_kit_site (meal_kit_id, site_price, site_name, site_url, created_at, modified_at) values (97, 6883, 'Shuffletag', 'https://studiopress.com', '2023-03-22', '2023-04-07');
insert into meal_kit_site (meal_kit_id, site_price, site_name, site_url, created_at, modified_at) values (98, 6623, 'Gabspot', 'https://wiley.com', '2023-09-18', '2023-01-20');
insert into meal_kit_site (meal_kit_id, site_price, site_name, site_url, created_at, modified_at) values (99, 7651, 'Wordware', 'http://squarespace.com', '2023-02-02', '2023-01-28');
insert into meal_kit_site (meal_kit_id, site_price, site_name, site_url, created_at, modified_at) values (100, 5504, 'Demimbu', 'https://prnewswire.com', '2023-05-15', '2023-06-30');

